packet_id	profile_id	perturbed_event_present	perturbed_packet_class	perturbed_artifact_sensitive	perturbed_evidence_tier	perturbed_packet_class_compatibility_set
P01_001	rule_perturbation_01	True	activation	False	2.5	activation;outcome_supported
P01_001	rule_perturbation_02	True	activation	False	3.0	activation;outcome_supported
P01_001	rule_perturbation_03	True	activation	False	2.5	activation;outcome_supported
P01_001	rule_perturbation_04	True	activation	False	3.0	activation;outcome_supported
P01_001	rule_perturbation_05	True	activation	False	2.5	activation;outcome_supported
P01_002	rule_perturbation_01	True	developmental_delay	False	2.5	developmental_delay;true_loss
P01_002	rule_perturbation_02	True	activation	False	3.0	activation;outcome_supported
P01_002	rule_perturbation_03	True	activation	False	2.5	activation;outcome_supported
P01_002	rule_perturbation_04	True	developmental_delay	False	3.0	developmental_delay;true_loss
P01_002	rule_perturbation_05	True	activation	False	2.5	activation;outcome_supported
P01_003	rule_perturbation_01	True	activation	False	2.5	activation;outcome_supported
P01_003	rule_perturbation_02	True	activation	False	3.0	activation;outcome_supported
P01_003	rule_perturbation_03	True	activation	False	2.5	activation;outcome_supported
P01_003	rule_perturbation_04	True	activation	False	3.0	activation;outcome_supported
P01_003	rule_perturbation_05	True	activation	False	2.5	activation;outcome_supported
P01_004	rule_perturbation_01	True	activation	False	2.5	activation;outcome_supported
P01_004	rule_perturbation_02	True	activation	False	3.0	activation;outcome_supported
P01_004	rule_perturbation_03	True	activation	False	2.5	activation;outcome_supported
P01_004	rule_perturbation_04	True	activation	False	3.0	activation;outcome_supported
P01_004	rule_perturbation_05	True	activation	False	2.5	activation;outcome_supported
P01_005	rule_perturbation_01	True	activation	False	2.5	activation;outcome_supported
P01_005	rule_perturbation_02	True	activation	False	3.0	activation;outcome_supported
P01_005	rule_perturbation_03	True	activation	False	2.5	activation;outcome_supported
P01_005	rule_perturbation_04	True	activation	False	3.0	activation;outcome_supported
P01_005	rule_perturbation_05	True	activation	False	2.5	activation;outcome_supported
P01_006	rule_perturbation_01	True	activation	False	2.5	activation;outcome_supported
P01_006	rule_perturbation_02	True	activation	False	3.0	activation;outcome_supported
P01_006	rule_perturbation_03	True	activation	False	2.5	activation;outcome_supported
P01_006	rule_perturbation_04	True	activation	False	3.0	activation;outcome_supported
P01_006	rule_perturbation_05	True	activation	False	2.5	activation;outcome_supported
P01_007	rule_perturbation_01	True	activation	False	2.5	activation;outcome_supported
P01_007	rule_perturbation_02	True	activation	False	3.0	activation;outcome_supported
P01_007	rule_perturbation_03	True	activation	False	2.5	activation;outcome_supported
P01_007	rule_perturbation_04	True	activation	False	3.0	activation;outcome_supported
P01_007	rule_perturbation_05	True	activation	False	2.5	activation;outcome_supported
P01_008	rule_perturbation_01	True	activation	False	2.5	activation;outcome_supported
P01_008	rule_perturbation_02	True	activation	False	3.0	activation;outcome_supported
P01_008	rule_perturbation_03	True	activation	False	2.5	activation;outcome_supported
P01_008	rule_perturbation_04	True	activation	False	3.0	activation;outcome_supported
P01_008	rule_perturbation_05	True	activation	False	2.5	activation;outcome_supported
P01_009	rule_perturbation_01	True	activation	False	1.5	activation;outcome_supported
P01_009	rule_perturbation_02	True	activation	False	2.0	activation;outcome_supported
P01_009	rule_perturbation_03	True	activation	False	1.5	activation;outcome_supported
P01_009	rule_perturbation_04	True	activation	False	3.0	activation;outcome_supported
P01_009	rule_perturbation_05	True	activation	False	2.5	activation;outcome_supported
P01_010	rule_perturbation_01	True	activation	False	2.5	activation;outcome_supported
P01_010	rule_perturbation_02	True	activation	False	3.0	activation;outcome_supported
P01_010	rule_perturbation_03	True	activation	False	2.5	activation;outcome_supported
P01_010	rule_perturbation_04	True	activation	False	3.0	activation;outcome_supported
P01_010	rule_perturbation_05	True	activation	False	2.5	activation;outcome_supported
P01_011	rule_perturbation_01	True	activation	False	2.5	activation;outcome_supported
P01_011	rule_perturbation_02	True	activation	False	3.0	activation;outcome_supported
P01_011	rule_perturbation_03	True	activation	False	2.5	activation;outcome_supported
P01_011	rule_perturbation_04	True	activation	False	3.0	activation;outcome_supported
P01_011	rule_perturbation_05	True	activation	False	2.5	activation;outcome_supported
P01_012	rule_perturbation_01	True	activation	False	2.5	activation;outcome_supported
P01_012	rule_perturbation_02	True	activation	False	3.0	activation;outcome_supported
P01_012	rule_perturbation_03	True	activation	False	2.5	activation;outcome_supported
P01_012	rule_perturbation_04	True	activation	False	3.0	activation;outcome_supported
P01_012	rule_perturbation_05	True	activation	False	2.5	activation;outcome_supported
P01_013	rule_perturbation_01	True	activation	False	2.5	activation;outcome_supported
P01_013	rule_perturbation_02	True	activation	False	3.0	activation;outcome_supported
P01_013	rule_perturbation_03	True	activation	False	2.5	activation;outcome_supported
P01_013	rule_perturbation_04	True	activation	False	3.0	activation;outcome_supported
P01_013	rule_perturbation_05	True	activation	False	2.5	activation;outcome_supported
P01_014	rule_perturbation_01	True	activation	False	2.5	activation;outcome_supported
P01_014	rule_perturbation_02	True	activation	False	3.0	activation;outcome_supported
P01_014	rule_perturbation_03	True	activation	False	2.5	activation;outcome_supported
P01_014	rule_perturbation_04	True	activation	False	3.0	activation;outcome_supported
P01_014	rule_perturbation_05	True	activation	False	2.5	activation;outcome_supported
P01_015	rule_perturbation_01	True	activation	False	1.5	activation;outcome_supported
P01_015	rule_perturbation_02	True	activation	False	2.0	activation;outcome_supported
P01_015	rule_perturbation_03	True	activation	False	1.5	activation;outcome_supported
P01_015	rule_perturbation_04	True	activation	False	2.0	activation;outcome_supported
P01_015	rule_perturbation_05	True	activation	False	1.5	activation;outcome_supported
P01_016	rule_perturbation_01	True	activation	False	1.5	activation;outcome_supported
P01_016	rule_perturbation_02	True	activation	False	2.0	activation;outcome_supported
P01_016	rule_perturbation_03	True	activation	False	1.5	activation;outcome_supported
P01_016	rule_perturbation_04	True	activation	False	2.0	activation;outcome_supported
P01_016	rule_perturbation_05	False	not_identifiable	False	1.0	not_identifiable
P02_001	rule_perturbation_01	True	true_loss	False	2.5	true_loss;suppression
P02_001	rule_perturbation_02	True	true_loss	False	3.0	true_loss;suppression
P02_001	rule_perturbation_03	True	true_loss	False	2.5	true_loss;suppression
P02_001	rule_perturbation_04	True	true_loss	False	3.0	true_loss;suppression
P02_001	rule_perturbation_05	True	true_loss	False	2.5	true_loss;suppression
P02_002	rule_perturbation_01	True	true_loss	False	2.5	true_loss;suppression
P02_002	rule_perturbation_02	True	true_loss	False	3.0	true_loss;suppression
P02_002	rule_perturbation_03	True	true_loss	False	2.5	true_loss;suppression
P02_002	rule_perturbation_04	True	true_loss	False	3.0	true_loss;suppression
P02_002	rule_perturbation_05	True	true_loss	False	2.5	true_loss;suppression
P02_003	rule_perturbation_01	True	true_loss	False	2.5	true_loss;suppression
P02_003	rule_perturbation_02	True	true_loss	False	3.0	true_loss;suppression
P02_003	rule_perturbation_03	True	true_loss	False	2.5	true_loss;suppression
P02_003	rule_perturbation_04	True	true_loss	False	3.0	true_loss;suppression
P02_003	rule_perturbation_05	True	true_loss	False	2.5	true_loss;suppression
P02_004	rule_perturbation_01	True	true_loss	False	2.5	true_loss;suppression
P02_004	rule_perturbation_02	True	true_loss	False	3.0	true_loss;suppression
P02_004	rule_perturbation_03	True	true_loss	False	2.5	true_loss;suppression
P02_004	rule_perturbation_04	True	true_loss	False	3.0	true_loss;suppression
P02_004	rule_perturbation_05	True	true_loss	False	2.5	true_loss;suppression
P02_005	rule_perturbation_01	True	true_loss	False	2.5	true_loss;suppression
P02_005	rule_perturbation_02	True	true_loss	False	2.0	true_loss;suppression
P02_005	rule_perturbation_03	True	true_loss	False	2.5	true_loss;suppression
P02_005	rule_perturbation_04	True	true_loss	False	3.0	true_loss;suppression
P02_005	rule_perturbation_05	True	true_loss	False	2.5	true_loss;suppression
P02_006	rule_perturbation_01	True	true_loss	False	2.5	true_loss;suppression
P02_006	rule_perturbation_02	True	true_loss	False	3.0	true_loss;suppression
P02_006	rule_perturbation_03	True	true_loss	False	2.5	true_loss;suppression
P02_006	rule_perturbation_04	True	true_loss	False	3.0	true_loss;suppression
P02_006	rule_perturbation_05	True	true_loss	False	2.5	true_loss;suppression
P02_007	rule_perturbation_01	True	true_loss	False	1.5	true_loss;suppression
P02_007	rule_perturbation_02	True	true_loss	False	2.0	true_loss;suppression
P02_007	rule_perturbation_03	True	true_loss	False	1.5	true_loss;suppression
P02_007	rule_perturbation_04	True	true_loss	False	2.0	true_loss;suppression
P02_007	rule_perturbation_05	True	true_loss	False	1.5	true_loss;suppression
P02_008	rule_perturbation_01	True	true_loss	False	2.5	true_loss;suppression
P02_008	rule_perturbation_02	True	true_loss	False	3.0	true_loss;suppression
P02_008	rule_perturbation_03	True	true_loss	False	2.5	true_loss;suppression
P02_008	rule_perturbation_04	True	true_loss	False	3.0	true_loss;suppression
P02_008	rule_perturbation_05	True	true_loss	False	2.5	true_loss;suppression
P02_009	rule_perturbation_01	True	true_loss	False	2.5	true_loss;suppression
P02_009	rule_perturbation_02	True	true_loss	False	3.0	true_loss;suppression
P02_009	rule_perturbation_03	True	true_loss	False	2.5	true_loss;suppression
P02_009	rule_perturbation_04	True	true_loss	False	3.0	true_loss;suppression
P02_009	rule_perturbation_05	True	true_loss	False	2.5	true_loss;suppression
P02_010	rule_perturbation_01	True	true_loss	False	2.5	true_loss;suppression
P02_010	rule_perturbation_02	True	true_loss	False	3.0	true_loss;suppression
P02_010	rule_perturbation_03	True	true_loss	False	2.5	true_loss;suppression
P02_010	rule_perturbation_04	True	true_loss	False	3.0	true_loss;suppression
P02_010	rule_perturbation_05	True	true_loss	False	2.5	true_loss;suppression
P02_011	rule_perturbation_01	True	true_loss	False	2.5	true_loss;suppression
P02_011	rule_perturbation_02	True	true_loss	False	3.0	true_loss;suppression
P02_011	rule_perturbation_03	True	true_loss	False	2.5	true_loss;suppression
P02_011	rule_perturbation_04	True	true_loss	False	3.0	true_loss;suppression
P02_011	rule_perturbation_05	True	true_loss	False	2.5	true_loss;suppression
P02_012	rule_perturbation_01	True	true_loss	False	2.5	true_loss;suppression
P02_012	rule_perturbation_02	True	true_loss	False	3.0	true_loss;suppression
P02_012	rule_perturbation_03	True	true_loss	False	2.5	true_loss;suppression
P02_012	rule_perturbation_04	True	true_loss	False	3.0	true_loss;suppression
P02_012	rule_perturbation_05	True	true_loss	False	2.5	true_loss;suppression
P02_013	rule_perturbation_01	True	true_loss	False	2.5	true_loss;suppression
P02_013	rule_perturbation_02	True	true_loss	False	3.0	true_loss;suppression
P02_013	rule_perturbation_03	True	true_loss	False	2.5	true_loss;suppression
P02_013	rule_perturbation_04	True	true_loss	False	2.0	true_loss;suppression
P02_013	rule_perturbation_05	True	true_loss	False	1.5	true_loss;suppression
P02_014	rule_perturbation_01	True	suppression	False	2.5	suppression;true_loss
P02_014	rule_perturbation_02	True	true_loss	False	3.0	true_loss;suppression
P02_014	rule_perturbation_03	True	true_loss	False	2.5	true_loss;suppression
P02_014	rule_perturbation_04	True	suppression	False	3.0	suppression;true_loss
P02_014	rule_perturbation_05	True	suppression	False	2.5	suppression;true_loss
P02_015	rule_perturbation_01	True	true_loss	False	2.5	true_loss;suppression
P02_015	rule_perturbation_02	True	true_loss	False	3.0	true_loss;suppression
P02_015	rule_perturbation_03	True	true_loss	False	2.5	true_loss;suppression
P02_015	rule_perturbation_04	True	true_loss	False	3.0	true_loss;suppression
P02_015	rule_perturbation_05	True	true_loss	False	2.5	true_loss;suppression
P02_016	rule_perturbation_01	True	true_loss	False	2.5	true_loss;suppression
P02_016	rule_perturbation_02	True	true_loss	False	3.0	true_loss;suppression
P02_016	rule_perturbation_03	True	true_loss	False	2.5	true_loss;suppression
P02_016	rule_perturbation_04	True	true_loss	False	3.0	true_loss;suppression
P02_016	rule_perturbation_05	True	true_loss	False	2.5	true_loss;suppression
P03_001	rule_perturbation_01	True	developmental_delay	False	2.5	developmental_delay;true_loss
P03_001	rule_perturbation_02	True	developmental_delay	False	3.0	developmental_delay;true_loss
P03_001	rule_perturbation_03	True	developmental_delay	False	2.5	developmental_delay;true_loss
P03_001	rule_perturbation_04	True	developmental_delay	False	3.0	developmental_delay;true_loss
P03_001	rule_perturbation_05	True	developmental_delay	False	2.5	developmental_delay;true_loss
P03_002	rule_perturbation_01	True	developmental_delay	False	2.5	developmental_delay;true_loss
P03_002	rule_perturbation_02	True	developmental_delay	False	3.0	developmental_delay;true_loss
P03_002	rule_perturbation_03	True	developmental_delay	False	2.5	developmental_delay;true_loss
P03_002	rule_perturbation_04	True	developmental_delay	False	3.0	developmental_delay;true_loss
P03_002	rule_perturbation_05	True	developmental_delay	False	2.5	developmental_delay;true_loss
P03_003	rule_perturbation_01	True	developmental_delay	False	2.5	developmental_delay;true_loss
P03_003	rule_perturbation_02	True	developmental_delay	False	3.0	developmental_delay;true_loss
P03_003	rule_perturbation_03	True	developmental_delay	False	2.5	developmental_delay;true_loss
P03_003	rule_perturbation_04	True	developmental_delay	False	3.0	developmental_delay;true_loss
P03_003	rule_perturbation_05	True	developmental_delay	False	2.5	developmental_delay;true_loss
P03_004	rule_perturbation_01	True	developmental_delay	False	1.5	developmental_delay;true_loss
P03_004	rule_perturbation_02	True	developmental_delay	False	2.0	developmental_delay;true_loss
P03_004	rule_perturbation_03	True	developmental_delay	False	1.5	developmental_delay;true_loss
P03_004	rule_perturbation_04	True	developmental_delay	False	2.0	developmental_delay;true_loss
P03_004	rule_perturbation_05	True	developmental_delay	False	2.5	developmental_delay;true_loss
P03_005	rule_perturbation_01	True	developmental_delay	False	2.5	developmental_delay;true_loss
P03_005	rule_perturbation_02	True	developmental_delay	False	3.0	developmental_delay;true_loss
P03_005	rule_perturbation_03	True	developmental_delay	False	2.5	developmental_delay;true_loss
P03_005	rule_perturbation_04	True	developmental_delay	False	3.0	developmental_delay;true_loss
P03_005	rule_perturbation_05	True	developmental_delay	False	2.5	developmental_delay;true_loss
P03_006	rule_perturbation_01	True	developmental_delay	False	1.5	developmental_delay;true_loss
P03_006	rule_perturbation_02	True	developmental_delay	False	3.0	developmental_delay;true_loss
P03_006	rule_perturbation_03	True	developmental_delay	False	2.5	developmental_delay;true_loss
P03_006	rule_perturbation_04	False	not_identifiable	False	1.0	not_identifiable
P03_006	rule_perturbation_05	False	not_identifiable	False	1.0	not_identifiable
P03_007	rule_perturbation_01	True	developmental_delay	False	2.5	developmental_delay;true_loss
P03_007	rule_perturbation_02	True	developmental_delay	False	3.0	developmental_delay;true_loss
P03_007	rule_perturbation_03	True	developmental_delay	False	2.5	developmental_delay;true_loss
P03_007	rule_perturbation_04	True	developmental_delay	False	2.0	developmental_delay;true_loss
P03_007	rule_perturbation_05	True	developmental_delay	False	1.5	developmental_delay;true_loss
P03_008	rule_perturbation_01	True	developmental_delay	False	2.5	developmental_delay;true_loss
P03_008	rule_perturbation_02	True	developmental_delay	False	3.0	developmental_delay;true_loss
P03_008	rule_perturbation_03	True	developmental_delay	False	2.5	developmental_delay;true_loss
P03_008	rule_perturbation_04	True	developmental_delay	False	3.0	developmental_delay;true_loss
P03_008	rule_perturbation_05	True	developmental_delay	False	2.5	developmental_delay;true_loss
P03_009	rule_perturbation_01	True	developmental_delay	False	2.5	developmental_delay;true_loss
P03_009	rule_perturbation_02	True	developmental_delay	False	3.0	developmental_delay;true_loss
P03_009	rule_perturbation_03	True	developmental_delay	False	2.5	developmental_delay;true_loss
P03_009	rule_perturbation_04	True	developmental_delay	False	3.0	developmental_delay;true_loss
P03_009	rule_perturbation_05	True	developmental_delay	False	2.5	developmental_delay;true_loss
P03_010	rule_perturbation_01	True	developmental_delay	False	2.5	developmental_delay;true_loss
P03_010	rule_perturbation_02	True	developmental_delay	False	3.0	developmental_delay;true_loss
P03_010	rule_perturbation_03	True	developmental_delay	False	2.5	developmental_delay;true_loss
P03_010	rule_perturbation_04	True	developmental_delay	False	3.0	developmental_delay;true_loss
P03_010	rule_perturbation_05	True	developmental_delay	False	2.5	developmental_delay;true_loss
P03_011	rule_perturbation_01	True	developmental_delay	False	2.5	developmental_delay;true_loss
P03_011	rule_perturbation_02	True	developmental_delay	False	3.0	developmental_delay;true_loss
P03_011	rule_perturbation_03	True	developmental_delay	False	2.5	developmental_delay;true_loss
P03_011	rule_perturbation_04	True	developmental_delay	False	3.0	developmental_delay;true_loss
P03_011	rule_perturbation_05	True	developmental_delay	False	2.5	developmental_delay;true_loss
P03_012	rule_perturbation_01	True	developmental_delay	False	2.5	developmental_delay;true_loss
P03_012	rule_perturbation_02	True	developmental_delay	False	3.0	developmental_delay;true_loss
P03_012	rule_perturbation_03	True	developmental_delay	False	2.5	developmental_delay;true_loss
P03_012	rule_perturbation_04	True	developmental_delay	False	3.0	developmental_delay;true_loss
P03_012	rule_perturbation_05	True	developmental_delay	False	2.5	developmental_delay;true_loss
P03_013	rule_perturbation_01	True	developmental_delay	False	2.5	developmental_delay;true_loss
P03_013	rule_perturbation_02	True	developmental_delay	False	3.0	developmental_delay;true_loss
P03_013	rule_perturbation_03	True	developmental_delay	False	2.5	developmental_delay;true_loss
P03_013	rule_perturbation_04	True	developmental_delay	False	3.0	developmental_delay;true_loss
P03_013	rule_perturbation_05	True	developmental_delay	False	2.5	developmental_delay;true_loss
P03_014	rule_perturbation_01	True	developmental_delay	False	1.5	developmental_delay;true_loss
P03_014	rule_perturbation_02	True	developmental_delay	False	2.0	developmental_delay;true_loss
P03_014	rule_perturbation_03	True	developmental_delay	False	1.5	developmental_delay;true_loss
P03_014	rule_perturbation_04	True	developmental_delay	False	2.0	developmental_delay;true_loss
P03_014	rule_perturbation_05	True	developmental_delay	False	1.5	developmental_delay;true_loss
P03_015	rule_perturbation_01	True	developmental_delay	False	2.5	developmental_delay;true_loss
P03_015	rule_perturbation_02	True	developmental_delay	False	3.0	developmental_delay;true_loss
P03_015	rule_perturbation_03	True	developmental_delay	False	2.5	developmental_delay;true_loss
P03_015	rule_perturbation_04	True	developmental_delay	False	3.0	developmental_delay;true_loss
P03_015	rule_perturbation_05	True	developmental_delay	False	2.5	developmental_delay;true_loss
P03_016	rule_perturbation_01	True	developmental_delay	False	2.5	developmental_delay;true_loss
P03_016	rule_perturbation_02	True	developmental_delay	False	3.0	developmental_delay;true_loss
P03_016	rule_perturbation_03	True	developmental_delay	False	2.5	developmental_delay;true_loss
P03_016	rule_perturbation_04	True	developmental_delay	False	3.0	developmental_delay;true_loss
P03_016	rule_perturbation_05	True	developmental_delay	False	2.5	developmental_delay;true_loss
P04_001	rule_perturbation_01	True	true_loss	False	2.5	true_loss;suppression
P04_001	rule_perturbation_02	True	true_loss	False	3.0	true_loss;suppression
P04_001	rule_perturbation_03	True	true_loss	False	2.5	true_loss;suppression
P04_001	rule_perturbation_04	True	true_loss	False	3.0	true_loss;suppression
P04_001	rule_perturbation_05	True	true_loss	False	2.5	true_loss;suppression
P04_002	rule_perturbation_01	True	true_loss	False	2.5	true_loss;suppression
P04_002	rule_perturbation_02	True	true_loss	False	3.0	true_loss;suppression
P04_002	rule_perturbation_03	True	true_loss	False	2.5	true_loss;suppression
P04_002	rule_perturbation_04	True	true_loss	False	2.0	true_loss;suppression
P04_002	rule_perturbation_05	True	true_loss	False	2.5	true_loss;suppression
P04_003	rule_perturbation_01	True	true_loss	False	1.5	true_loss;suppression
P04_003	rule_perturbation_02	True	true_loss	False	2.0	true_loss;suppression
P04_003	rule_perturbation_03	True	true_loss	False	1.5	true_loss;suppression
P04_003	rule_perturbation_04	True	true_loss	False	2.0	true_loss;suppression
P04_003	rule_perturbation_05	True	true_loss	False	1.5	true_loss;suppression
P04_004	rule_perturbation_01	True	true_loss	False	2.5	true_loss;suppression
P04_004	rule_perturbation_02	True	true_loss	False	3.0	true_loss;suppression
P04_004	rule_perturbation_03	True	true_loss	False	2.5	true_loss;suppression
P04_004	rule_perturbation_04	True	true_loss	False	3.0	true_loss;suppression
P04_004	rule_perturbation_05	True	true_loss	False	2.5	true_loss;suppression
P04_005	rule_perturbation_01	True	true_loss	False	1.5	true_loss;suppression
P04_005	rule_perturbation_02	True	true_loss	False	2.0	true_loss;suppression
P04_005	rule_perturbation_03	True	true_loss	False	1.5	true_loss;suppression
P04_005	rule_perturbation_04	True	true_loss	False	2.0	true_loss;suppression
P04_005	rule_perturbation_05	True	true_loss	False	1.5	true_loss;suppression
P04_006	rule_perturbation_01	True	true_loss	False	2.5	true_loss;suppression
P04_006	rule_perturbation_02	True	true_loss	False	3.0	true_loss;suppression
P04_006	rule_perturbation_03	True	true_loss	False	2.5	true_loss;suppression
P04_006	rule_perturbation_04	True	true_loss	False	3.0	true_loss;suppression
P04_006	rule_perturbation_05	True	true_loss	False	2.5	true_loss;suppression
P04_007	rule_perturbation_01	True	true_loss	False	2.5	true_loss;suppression
P04_007	rule_perturbation_02	True	true_loss	False	3.0	true_loss;suppression
P04_007	rule_perturbation_03	True	true_loss	False	2.5	true_loss;suppression
P04_007	rule_perturbation_04	True	true_loss	False	3.0	true_loss;suppression
P04_007	rule_perturbation_05	True	true_loss	False	2.5	true_loss;suppression
P04_008	rule_perturbation_01	True	true_loss	False	2.5	true_loss;suppression
P04_008	rule_perturbation_02	True	true_loss	False	3.0	true_loss;suppression
P04_008	rule_perturbation_03	True	true_loss	False	2.5	true_loss;suppression
P04_008	rule_perturbation_04	True	true_loss	False	3.0	true_loss;suppression
P04_008	rule_perturbation_05	True	true_loss	False	2.5	true_loss;suppression
P04_009	rule_perturbation_01	True	true_loss	False	2.5	true_loss;suppression
P04_009	rule_perturbation_02	True	true_loss	False	3.0	true_loss;suppression
P04_009	rule_perturbation_03	True	true_loss	False	2.5	true_loss;suppression
P04_009	rule_perturbation_04	True	true_loss	False	3.0	true_loss;suppression
P04_009	rule_perturbation_05	True	true_loss	False	2.5	true_loss;suppression
P04_010	rule_perturbation_01	True	true_loss	False	2.5	true_loss;suppression
P04_010	rule_perturbation_02	True	true_loss	False	3.0	true_loss;suppression
P04_010	rule_perturbation_03	True	true_loss	False	2.5	true_loss;suppression
P04_010	rule_perturbation_04	True	true_loss	False	3.0	true_loss;suppression
P04_010	rule_perturbation_05	True	true_loss	False	2.5	true_loss;suppression
P04_011	rule_perturbation_01	True	true_loss	False	2.5	true_loss;suppression
P04_011	rule_perturbation_02	True	true_loss	False	3.0	true_loss;suppression
P04_011	rule_perturbation_03	True	true_loss	False	2.5	true_loss;suppression
P04_011	rule_perturbation_04	True	true_loss	False	3.0	true_loss;suppression
P04_011	rule_perturbation_05	True	true_loss	False	2.5	true_loss;suppression
P04_012	rule_perturbation_01	True	true_loss	False	2.5	true_loss;suppression
P04_012	rule_perturbation_02	True	true_loss	False	3.0	true_loss;suppression
P04_012	rule_perturbation_03	True	true_loss	False	2.5	true_loss;suppression
P04_012	rule_perturbation_04	True	true_loss	False	3.0	true_loss;suppression
P04_012	rule_perturbation_05	True	true_loss	False	2.5	true_loss;suppression
P04_013	rule_perturbation_01	True	true_loss	False	2.5	true_loss;suppression
P04_013	rule_perturbation_02	True	true_loss	False	3.0	true_loss;suppression
P04_013	rule_perturbation_03	True	true_loss	False	2.5	true_loss;suppression
P04_013	rule_perturbation_04	True	true_loss	False	3.0	true_loss;suppression
P04_013	rule_perturbation_05	True	true_loss	False	2.5	true_loss;suppression
P04_014	rule_perturbation_01	True	true_loss	False	2.5	true_loss;suppression
P04_014	rule_perturbation_02	True	true_loss	False	3.0	true_loss;suppression
P04_014	rule_perturbation_03	True	true_loss	False	2.5	true_loss;suppression
P04_014	rule_perturbation_04	True	true_loss	False	3.0	true_loss;suppression
P04_014	rule_perturbation_05	True	true_loss	False	2.5	true_loss;suppression
P04_015	rule_perturbation_01	True	true_loss	False	1.5	true_loss;suppression
P04_015	rule_perturbation_02	True	true_loss	False	2.0	true_loss;suppression
P04_015	rule_perturbation_03	True	true_loss	False	1.5	true_loss;suppression
P04_015	rule_perturbation_04	True	true_loss	False	2.0	true_loss;suppression
P04_015	rule_perturbation_05	True	true_loss	False	1.5	true_loss;suppression
P04_016	rule_perturbation_01	True	true_loss	False	1.5	true_loss;suppression
P04_016	rule_perturbation_02	True	true_loss	False	2.0	true_loss;suppression
P04_016	rule_perturbation_03	True	true_loss	False	1.5	true_loss;suppression
P04_016	rule_perturbation_04	True	true_loss	False	2.0	true_loss;suppression
P04_016	rule_perturbation_05	True	true_loss	False	1.5	true_loss;suppression
P05_001	rule_perturbation_01	True	fate_redirection	False	2.5	fate_redirection;true_loss
P05_001	rule_perturbation_02	True	fate_redirection	False	3.0	fate_redirection;true_loss
P05_001	rule_perturbation_03	True	fate_redirection	False	2.5	fate_redirection;true_loss
P05_001	rule_perturbation_04	True	fate_redirection	False	3.0	fate_redirection;true_loss
P05_001	rule_perturbation_05	True	fate_redirection	False	2.5	fate_redirection;true_loss
P05_002	rule_perturbation_01	True	fate_redirection	False	2.5	fate_redirection;true_loss
P05_002	rule_perturbation_02	True	fate_redirection	False	3.0	fate_redirection;true_loss
P05_002	rule_perturbation_03	True	fate_redirection	False	2.5	fate_redirection;true_loss
P05_002	rule_perturbation_04	True	fate_redirection	False	3.0	fate_redirection;true_loss
P05_002	rule_perturbation_05	True	fate_redirection	False	2.5	fate_redirection;true_loss
P05_003	rule_perturbation_01	True	fate_redirection	False	2.5	fate_redirection;true_loss
P05_003	rule_perturbation_02	True	fate_redirection	False	3.0	fate_redirection;true_loss
P05_003	rule_perturbation_03	True	fate_redirection	False	2.5	fate_redirection;true_loss
P05_003	rule_perturbation_04	True	fate_redirection	False	3.0	fate_redirection;true_loss
P05_003	rule_perturbation_05	True	fate_redirection	False	2.5	fate_redirection;true_loss
P05_004	rule_perturbation_01	True	fate_redirection	False	2.5	fate_redirection;true_loss
P05_004	rule_perturbation_02	True	fate_redirection	False	3.0	fate_redirection;true_loss
P05_004	rule_perturbation_03	True	true_loss	False	2.5	true_loss;suppression
P05_004	rule_perturbation_04	True	fate_redirection	False	3.0	fate_redirection;true_loss
P05_004	rule_perturbation_05	True	fate_redirection	False	2.5	fate_redirection;true_loss
P05_005	rule_perturbation_01	True	fate_redirection	False	2.5	fate_redirection;true_loss
P05_005	rule_perturbation_02	True	fate_redirection	False	3.0	fate_redirection;true_loss
P05_005	rule_perturbation_03	True	fate_redirection	False	1.5	fate_redirection;true_loss
P05_005	rule_perturbation_04	True	fate_redirection	False	3.0	fate_redirection;true_loss
P05_005	rule_perturbation_05	True	fate_redirection	False	1.5	fate_redirection;true_loss
P05_006	rule_perturbation_01	True	fate_redirection	False	2.5	fate_redirection;true_loss
P05_006	rule_perturbation_02	True	fate_redirection	False	3.0	fate_redirection;true_loss
P05_006	rule_perturbation_03	True	fate_redirection	False	2.5	fate_redirection;true_loss
P05_006	rule_perturbation_04	True	fate_redirection	False	3.0	fate_redirection;true_loss
P05_006	rule_perturbation_05	True	fate_redirection	False	2.5	fate_redirection;true_loss
P05_007	rule_perturbation_01	True	fate_redirection	False	2.5	fate_redirection;true_loss
P05_007	rule_perturbation_02	True	fate_redirection	False	3.0	fate_redirection;true_loss
P05_007	rule_perturbation_03	True	fate_redirection	False	2.5	fate_redirection;true_loss
P05_007	rule_perturbation_04	True	fate_redirection	False	3.0	fate_redirection;true_loss
P05_007	rule_perturbation_05	True	fate_redirection	False	2.5	fate_redirection;true_loss
P05_008	rule_perturbation_01	True	fate_redirection	False	2.5	fate_redirection;true_loss
P05_008	rule_perturbation_02	True	fate_redirection	False	2.0	fate_redirection;true_loss
P05_008	rule_perturbation_03	True	fate_redirection	False	2.5	fate_redirection;true_loss
P05_008	rule_perturbation_04	True	fate_redirection	False	2.0	fate_redirection;true_loss
P05_008	rule_perturbation_05	True	fate_redirection	False	1.5	fate_redirection;true_loss
P05_009	rule_perturbation_01	True	fate_redirection	False	2.5	fate_redirection;true_loss
P05_009	rule_perturbation_02	True	fate_redirection	False	3.0	fate_redirection;true_loss
P05_009	rule_perturbation_03	True	fate_redirection	False	2.5	fate_redirection;true_loss
P05_009	rule_perturbation_04	True	fate_redirection	False	3.0	fate_redirection;true_loss
P05_009	rule_perturbation_05	True	fate_redirection	False	2.5	fate_redirection;true_loss
P05_010	rule_perturbation_01	True	fate_redirection	False	2.5	fate_redirection;true_loss
P05_010	rule_perturbation_02	True	fate_redirection	False	3.0	fate_redirection;true_loss
P05_010	rule_perturbation_03	True	fate_redirection	False	2.5	fate_redirection;true_loss
P05_010	rule_perturbation_04	True	fate_redirection	False	3.0	fate_redirection;true_loss
P05_010	rule_perturbation_05	True	fate_redirection	False	2.5	fate_redirection;true_loss
P05_011	rule_perturbation_01	True	fate_redirection	False	2.5	fate_redirection;true_loss
P05_011	rule_perturbation_02	True	fate_redirection	False	3.0	fate_redirection;true_loss
P05_011	rule_perturbation_03	True	fate_redirection	False	2.5	fate_redirection;true_loss
P05_011	rule_perturbation_04	True	fate_redirection	False	3.0	fate_redirection;true_loss
P05_011	rule_perturbation_05	True	fate_redirection	False	2.5	fate_redirection;true_loss
P05_012	rule_perturbation_01	True	fate_redirection	False	2.5	fate_redirection;true_loss
P05_012	rule_perturbation_02	True	fate_redirection	False	3.0	fate_redirection;true_loss
P05_012	rule_perturbation_03	True	fate_redirection	False	2.5	fate_redirection;true_loss
P05_012	rule_perturbation_04	True	fate_redirection	False	3.0	fate_redirection;true_loss
P05_012	rule_perturbation_05	True	fate_redirection	False	2.5	fate_redirection;true_loss
P05_013	rule_perturbation_01	True	fate_redirection	False	1.5	fate_redirection;true_loss
P05_013	rule_perturbation_02	True	fate_redirection	False	2.0	fate_redirection;true_loss
P05_013	rule_perturbation_03	True	fate_redirection	False	1.5	fate_redirection;true_loss
P05_013	rule_perturbation_04	True	fate_redirection	False	2.0	fate_redirection;true_loss
P05_013	rule_perturbation_05	True	fate_redirection	False	1.5	fate_redirection;true_loss
P05_014	rule_perturbation_01	True	fate_redirection	False	2.5	fate_redirection;true_loss
P05_014	rule_perturbation_02	True	fate_redirection	False	3.0	fate_redirection;true_loss
P05_014	rule_perturbation_03	True	fate_redirection	False	2.5	fate_redirection;true_loss
P05_014	rule_perturbation_04	True	fate_redirection	False	3.0	fate_redirection;true_loss
P05_014	rule_perturbation_05	True	fate_redirection	False	2.5	fate_redirection;true_loss
P05_015	rule_perturbation_01	True	fate_redirection	False	2.5	fate_redirection;true_loss
P05_015	rule_perturbation_02	True	fate_redirection	False	3.0	fate_redirection;true_loss
P05_015	rule_perturbation_03	True	fate_redirection	False	2.5	fate_redirection;true_loss
P05_015	rule_perturbation_04	True	fate_redirection	False	3.0	fate_redirection;true_loss
P05_015	rule_perturbation_05	True	fate_redirection	False	2.5	fate_redirection;true_loss
P05_016	rule_perturbation_01	True	true_loss	False	2.5	true_loss;suppression
P05_016	rule_perturbation_02	True	true_loss	False	3.0	true_loss;suppression
P05_016	rule_perturbation_03	True	true_loss	False	2.5	true_loss;suppression
P05_016	rule_perturbation_04	True	true_loss	False	3.0	true_loss;suppression
P05_016	rule_perturbation_05	True	true_loss	False	2.5	true_loss;suppression
P06_001	rule_perturbation_01	False	composition_artifact	True	1.0	composition_artifact;not_identifiable
P06_001	rule_perturbation_02	False	composition_artifact	True	1.0	composition_artifact;not_identifiable
P06_001	rule_perturbation_03	False	not_identifiable	False	1.0	not_identifiable
P06_001	rule_perturbation_04	False	composition_artifact	True	1.0	composition_artifact;not_identifiable
P06_001	rule_perturbation_05	False	not_identifiable	False	1.0	not_identifiable
P06_002	rule_perturbation_01	False	not_identifiable	False	1.0	not_identifiable
P06_002	rule_perturbation_02	False	not_identifiable	False	1.0	not_identifiable
P06_002	rule_perturbation_03	False	not_identifiable	False	1.0	not_identifiable
P06_002	rule_perturbation_04	False	not_identifiable	False	1.0	not_identifiable
P06_002	rule_perturbation_05	False	not_identifiable	False	1.0	not_identifiable
P06_003	rule_perturbation_01	False	composition_artifact	True	1.0	composition_artifact;not_identifiable
P06_003	rule_perturbation_02	False	composition_artifact	True	1.0	composition_artifact;not_identifiable
P06_003	rule_perturbation_03	False	not_identifiable	False	1.0	not_identifiable
P06_003	rule_perturbation_04	False	composition_artifact	True	1.0	composition_artifact;not_identifiable
P06_003	rule_perturbation_05	False	not_identifiable	False	1.0	not_identifiable
P06_004	rule_perturbation_01	False	not_identifiable	False	1.0	not_identifiable
P06_004	rule_perturbation_02	False	composition_artifact	True	1.0	composition_artifact;not_identifiable
P06_004	rule_perturbation_03	False	not_identifiable	False	1.0	not_identifiable
P06_004	rule_perturbation_04	False	not_identifiable	False	1.0	not_identifiable
P06_004	rule_perturbation_05	False	not_identifiable	False	1.0	not_identifiable
P06_005	rule_perturbation_01	False	not_identifiable	False	1.0	not_identifiable
P06_005	rule_perturbation_02	False	composition_artifact	True	1.0	composition_artifact;not_identifiable
P06_005	rule_perturbation_03	False	not_identifiable	False	1.0	not_identifiable
P06_005	rule_perturbation_04	False	not_identifiable	False	1.0	not_identifiable
P06_005	rule_perturbation_05	False	not_identifiable	False	1.0	not_identifiable
P06_006	rule_perturbation_01	False	composition_artifact	True	1.0	composition_artifact;not_identifiable
P06_006	rule_perturbation_02	False	composition_artifact	True	1.0	composition_artifact;not_identifiable
P06_006	rule_perturbation_03	False	not_identifiable	False	1.0	not_identifiable
P06_006	rule_perturbation_04	False	composition_artifact	True	1.0	composition_artifact;not_identifiable
P06_006	rule_perturbation_05	False	not_identifiable	False	1.0	not_identifiable
P06_007	rule_perturbation_01	False	composition_artifact	True	1.0	composition_artifact;not_identifiable
P06_007	rule_perturbation_02	False	composition_artifact	True	1.0	composition_artifact;not_identifiable
P06_007	rule_perturbation_03	False	not_identifiable	False	1.0	not_identifiable
P06_007	rule_perturbation_04	False	composition_artifact	True	1.0	composition_artifact;not_identifiable
P06_007	rule_perturbation_05	False	not_identifiable	False	1.0	not_identifiable
P06_008	rule_perturbation_01	False	not_identifiable	False	1.0	not_identifiable
P06_008	rule_perturbation_02	False	composition_artifact	True	1.0	composition_artifact;not_identifiable
P06_008	rule_perturbation_03	False	not_identifiable	False	1.0	not_identifiable
P06_008	rule_perturbation_04	False	not_identifiable	False	1.0	not_identifiable
P06_008	rule_perturbation_05	False	not_identifiable	False	1.0	not_identifiable
P06_009	rule_perturbation_01	False	composition_artifact	True	1.0	composition_artifact;not_identifiable
P06_009	rule_perturbation_02	False	composition_artifact	True	1.0	composition_artifact;not_identifiable
P06_009	rule_perturbation_03	False	not_identifiable	False	1.0	not_identifiable
P06_009	rule_perturbation_04	False	composition_artifact	True	1.0	composition_artifact;not_identifiable
P06_009	rule_perturbation_05	False	not_identifiable	False	1.0	not_identifiable
P06_010	rule_perturbation_01	False	not_identifiable	False	1.0	not_identifiable
P06_010	rule_perturbation_02	False	composition_artifact	True	1.0	composition_artifact;not_identifiable
P06_010	rule_perturbation_03	False	not_identifiable	False	1.0	not_identifiable
P06_010	rule_perturbation_04	False	not_identifiable	False	1.0	not_identifiable
P06_010	rule_perturbation_05	False	not_identifiable	False	1.0	not_identifiable
P06_011	rule_perturbation_01	False	not_identifiable	False	1.0	not_identifiable
P06_011	rule_perturbation_02	False	composition_artifact	True	1.0	composition_artifact;not_identifiable
P06_011	rule_perturbation_03	False	not_identifiable	False	1.0	not_identifiable
P06_011	rule_perturbation_04	False	composition_artifact	True	1.0	composition_artifact;not_identifiable
P06_011	rule_perturbation_05	False	not_identifiable	False	1.0	not_identifiable
P06_012	rule_perturbation_01	False	composition_artifact	True	1.0	composition_artifact;not_identifiable
P06_012	rule_perturbation_02	False	composition_artifact	True	1.0	composition_artifact;not_identifiable
P06_012	rule_perturbation_03	False	composition_artifact	True	1.0	composition_artifact;not_identifiable
P06_012	rule_perturbation_04	False	composition_artifact	True	1.0	composition_artifact;not_identifiable
P06_012	rule_perturbation_05	False	not_identifiable	False	1.0	not_identifiable
P06_013	rule_perturbation_01	False	not_identifiable	False	1.0	not_identifiable
P06_013	rule_perturbation_02	False	not_identifiable	False	1.0	not_identifiable
P06_013	rule_perturbation_03	False	not_identifiable	False	1.0	not_identifiable
P06_013	rule_perturbation_04	False	not_identifiable	False	1.0	not_identifiable
P06_013	rule_perturbation_05	False	not_identifiable	False	1.0	not_identifiable
P06_014	rule_perturbation_01	False	composition_artifact	True	1.0	composition_artifact;not_identifiable
P06_014	rule_perturbation_02	False	composition_artifact	True	1.0	composition_artifact;not_identifiable
P06_014	rule_perturbation_03	False	composition_artifact	True	1.0	composition_artifact;not_identifiable
P06_014	rule_perturbation_04	False	composition_artifact	True	1.0	composition_artifact;not_identifiable
P06_014	rule_perturbation_05	False	not_identifiable	False	1.0	not_identifiable
P06_015	rule_perturbation_01	False	not_identifiable	False	1.0	not_identifiable
P06_015	rule_perturbation_02	False	composition_artifact	True	1.0	composition_artifact;not_identifiable
P06_015	rule_perturbation_03	False	not_identifiable	False	1.0	not_identifiable
P06_015	rule_perturbation_04	False	not_identifiable	False	1.0	not_identifiable
P06_015	rule_perturbation_05	False	not_identifiable	False	1.0	not_identifiable
P06_016	rule_perturbation_01	False	not_identifiable	False	1.0	not_identifiable
P06_016	rule_perturbation_02	False	not_identifiable	False	1.0	not_identifiable
P06_016	rule_perturbation_03	False	not_identifiable	False	1.0	not_identifiable
P06_016	rule_perturbation_04	False	not_identifiable	False	1.0	not_identifiable
P06_016	rule_perturbation_05	False	not_identifiable	False	1.0	not_identifiable
P07_001	rule_perturbation_01	False	not_identifiable	False	1.0	not_identifiable
P07_001	rule_perturbation_02	True	stress_dominated	True	3.0	stress_dominated;composition_artifact
P07_001	rule_perturbation_03	False	not_identifiable	False	1.0	not_identifiable
P07_001	rule_perturbation_04	True	stress_dominated	True	3.0	stress_dominated;composition_artifact
P07_001	rule_perturbation_05	False	not_identifiable	False	1.0	not_identifiable
P07_002	rule_perturbation_01	True	stress_dominated	True	2.5	stress_dominated;composition_artifact
P07_002	rule_perturbation_02	True	stress_dominated	True	3.0	stress_dominated;composition_artifact
P07_002	rule_perturbation_03	True	stress_dominated	True	2.5	stress_dominated;composition_artifact
P07_002	rule_perturbation_04	True	stress_dominated	True	3.0	stress_dominated;composition_artifact
P07_002	rule_perturbation_05	True	stress_dominated	True	2.5	stress_dominated;composition_artifact
P07_003	rule_perturbation_01	True	stress_dominated	True	2.5	stress_dominated;composition_artifact
P07_003	rule_perturbation_02	True	stress_dominated	True	3.0	stress_dominated;composition_artifact
P07_003	rule_perturbation_03	True	stress_dominated	True	2.5	stress_dominated;composition_artifact
P07_003	rule_perturbation_04	True	stress_dominated	True	3.0	stress_dominated;composition_artifact
P07_003	rule_perturbation_05	True	stress_dominated	True	2.5	stress_dominated;composition_artifact
P07_004	rule_perturbation_01	False	not_identifiable	False	1.0	not_identifiable
P07_004	rule_perturbation_02	True	stress_dominated	True	2.0	stress_dominated;composition_artifact
P07_004	rule_perturbation_03	False	not_identifiable	False	1.0	not_identifiable
P07_004	rule_perturbation_04	True	stress_dominated	True	2.0	stress_dominated;composition_artifact
P07_004	rule_perturbation_05	False	not_identifiable	False	1.0	not_identifiable
P07_005	rule_perturbation_01	True	stress_dominated	True	1.5	stress_dominated;composition_artifact
P07_005	rule_perturbation_02	True	stress_dominated	True	2.0	stress_dominated;composition_artifact
P07_005	rule_perturbation_03	True	stress_dominated	True	1.5	stress_dominated;composition_artifact
P07_005	rule_perturbation_04	True	stress_dominated	True	3.0	stress_dominated;composition_artifact
P07_005	rule_perturbation_05	False	not_identifiable	False	1.0	not_identifiable
P07_006	rule_perturbation_01	True	stress_dominated	True	2.5	stress_dominated;composition_artifact
P07_006	rule_perturbation_02	True	stress_dominated	True	3.0	stress_dominated;composition_artifact
P07_006	rule_perturbation_03	True	stress_dominated	True	2.5	stress_dominated;composition_artifact
P07_006	rule_perturbation_04	True	stress_dominated	True	3.0	stress_dominated;composition_artifact
P07_006	rule_perturbation_05	False	not_identifiable	False	1.0	not_identifiable
P07_007	rule_perturbation_01	False	not_identifiable	False	1.0	not_identifiable
P07_007	rule_perturbation_02	True	stress_dominated	True	3.0	stress_dominated;composition_artifact
P07_007	rule_perturbation_03	False	not_identifiable	False	1.0	not_identifiable
P07_007	rule_perturbation_04	False	not_identifiable	False	1.0	not_identifiable
P07_007	rule_perturbation_05	False	not_identifiable	False	1.0	not_identifiable
P07_008	rule_perturbation_01	True	stress_dominated	True	2.5	stress_dominated;composition_artifact
P07_008	rule_perturbation_02	True	stress_dominated	True	2.0	stress_dominated;composition_artifact
P07_008	rule_perturbation_03	False	not_identifiable	False	1.0	not_identifiable
P07_008	rule_perturbation_04	True	stress_dominated	True	3.0	stress_dominated;composition_artifact
P07_008	rule_perturbation_05	False	not_identifiable	False	1.0	not_identifiable
P07_009	rule_perturbation_01	False	not_identifiable	False	1.0	not_identifiable
P07_009	rule_perturbation_02	False	not_identifiable	False	1.0	not_identifiable
P07_009	rule_perturbation_03	False	not_identifiable	False	1.0	not_identifiable
P07_009	rule_perturbation_04	False	not_identifiable	False	1.0	not_identifiable
P07_009	rule_perturbation_05	False	not_identifiable	False	1.0	not_identifiable
P07_010	rule_perturbation_01	True	stress_dominated	True	2.5	stress_dominated;composition_artifact
P07_010	rule_perturbation_02	True	stress_dominated	True	3.0	stress_dominated;composition_artifact
P07_010	rule_perturbation_03	True	stress_dominated	True	2.5	stress_dominated;composition_artifact
P07_010	rule_perturbation_04	True	stress_dominated	True	3.0	stress_dominated;composition_artifact
P07_010	rule_perturbation_05	False	not_identifiable	False	1.0	not_identifiable
P07_011	rule_perturbation_01	False	not_identifiable	False	1.0	not_identifiable
P07_011	rule_perturbation_02	True	stress_dominated	True	3.0	stress_dominated;composition_artifact
P07_011	rule_perturbation_03	False	not_identifiable	False	1.0	not_identifiable
P07_011	rule_perturbation_04	True	stress_dominated	True	3.0	stress_dominated;composition_artifact
P07_011	rule_perturbation_05	False	not_identifiable	False	1.0	not_identifiable
P07_012	rule_perturbation_01	False	not_identifiable	False	1.0	not_identifiable
P07_012	rule_perturbation_02	False	not_identifiable	False	1.0	not_identifiable
P07_012	rule_perturbation_03	False	not_identifiable	False	1.0	not_identifiable
P07_012	rule_perturbation_04	False	not_identifiable	False	1.0	not_identifiable
P07_012	rule_perturbation_05	False	not_identifiable	False	1.0	not_identifiable
P07_013	rule_perturbation_01	True	stress_dominated	True	2.5	stress_dominated;composition_artifact
P07_013	rule_perturbation_02	True	developmental_delay	False	3.0	developmental_delay;true_loss
P07_013	rule_perturbation_03	True	stress_dominated	True	2.5	stress_dominated;composition_artifact
P07_013	rule_perturbation_04	True	stress_dominated	True	3.0	stress_dominated;composition_artifact
P07_013	rule_perturbation_05	False	not_identifiable	False	1.0	not_identifiable
P07_014	rule_perturbation_01	True	stress_dominated	True	2.5	stress_dominated;composition_artifact
P07_014	rule_perturbation_02	True	stress_dominated	True	3.0	stress_dominated;composition_artifact
P07_014	rule_perturbation_03	False	not_identifiable	False	1.0	not_identifiable
P07_014	rule_perturbation_04	True	stress_dominated	True	3.0	stress_dominated;composition_artifact
P07_014	rule_perturbation_05	False	not_identifiable	False	1.0	not_identifiable
P07_015	rule_perturbation_01	True	stress_dominated	True	2.5	stress_dominated;composition_artifact
P07_015	rule_perturbation_02	True	stress_dominated	True	3.0	stress_dominated;composition_artifact
P07_015	rule_perturbation_03	True	stress_dominated	True	2.5	stress_dominated;composition_artifact
P07_015	rule_perturbation_04	True	stress_dominated	True	3.0	stress_dominated;composition_artifact
P07_015	rule_perturbation_05	True	stress_dominated	True	2.5	stress_dominated;composition_artifact
P07_016	rule_perturbation_01	False	not_identifiable	False	1.0	not_identifiable
P07_016	rule_perturbation_02	True	stress_dominated	True	3.0	stress_dominated;composition_artifact
P07_016	rule_perturbation_03	False	not_identifiable	False	1.0	not_identifiable
P07_016	rule_perturbation_04	False	not_identifiable	False	1.0	not_identifiable
P07_016	rule_perturbation_05	False	not_identifiable	False	1.0	not_identifiable
P08_001	rule_perturbation_01	False	not_identifiable	False	1.0	not_identifiable
P08_001	rule_perturbation_02	False	not_identifiable	False	1.0	not_identifiable
P08_001	rule_perturbation_03	False	not_identifiable	False	1.0	not_identifiable
P08_001	rule_perturbation_04	False	not_identifiable	False	1.0	not_identifiable
P08_001	rule_perturbation_05	False	not_identifiable	False	1.0	not_identifiable
P08_002	rule_perturbation_01	False	not_identifiable	False	1.0	not_identifiable
P08_002	rule_perturbation_02	False	not_identifiable	False	1.0	not_identifiable
P08_002	rule_perturbation_03	False	not_identifiable	False	1.0	not_identifiable
P08_002	rule_perturbation_04	False	not_identifiable	False	1.0	not_identifiable
P08_002	rule_perturbation_05	False	not_identifiable	False	1.0	not_identifiable
P08_003	rule_perturbation_01	False	not_identifiable	False	1.0	not_identifiable
P08_003	rule_perturbation_02	False	not_identifiable	False	1.0	not_identifiable
P08_003	rule_perturbation_03	False	not_identifiable	False	1.0	not_identifiable
P08_003	rule_perturbation_04	False	not_identifiable	False	1.0	not_identifiable
P08_003	rule_perturbation_05	False	not_identifiable	False	1.0	not_identifiable
P08_004	rule_perturbation_01	False	not_identifiable	False	1.0	not_identifiable
P08_004	rule_perturbation_02	False	not_identifiable	False	1.0	not_identifiable
P08_004	rule_perturbation_03	False	not_identifiable	False	1.0	not_identifiable
P08_004	rule_perturbation_04	False	not_identifiable	False	1.0	not_identifiable
P08_004	rule_perturbation_05	False	not_identifiable	False	1.0	not_identifiable
P08_005	rule_perturbation_01	False	not_identifiable	False	1.0	not_identifiable
P08_005	rule_perturbation_02	False	not_identifiable	False	1.0	not_identifiable
P08_005	rule_perturbation_03	False	not_identifiable	False	1.0	not_identifiable
P08_005	rule_perturbation_04	False	not_identifiable	False	1.0	not_identifiable
P08_005	rule_perturbation_05	False	not_identifiable	False	1.0	not_identifiable
P08_006	rule_perturbation_01	False	not_identifiable	False	1.0	not_identifiable
P08_006	rule_perturbation_02	False	not_identifiable	False	1.0	not_identifiable
P08_006	rule_perturbation_03	False	not_identifiable	False	1.0	not_identifiable
P08_006	rule_perturbation_04	False	not_identifiable	False	1.0	not_identifiable
P08_006	rule_perturbation_05	False	not_identifiable	False	1.0	not_identifiable
P08_007	rule_perturbation_01	False	not_identifiable	False	1.0	not_identifiable
P08_007	rule_perturbation_02	False	not_identifiable	False	1.0	not_identifiable
P08_007	rule_perturbation_03	False	not_identifiable	False	1.0	not_identifiable
P08_007	rule_perturbation_04	False	not_identifiable	False	1.0	not_identifiable
P08_007	rule_perturbation_05	False	not_identifiable	False	1.0	not_identifiable
P08_008	rule_perturbation_01	False	not_identifiable	False	1.0	not_identifiable
P08_008	rule_perturbation_02	False	not_identifiable	False	1.0	not_identifiable
P08_008	rule_perturbation_03	False	not_identifiable	False	1.0	not_identifiable
P08_008	rule_perturbation_04	False	not_identifiable	False	1.0	not_identifiable
P08_008	rule_perturbation_05	False	not_identifiable	False	1.0	not_identifiable
P08_009	rule_perturbation_01	False	not_identifiable	False	1.0	not_identifiable
P08_009	rule_perturbation_02	False	not_identifiable	False	1.0	not_identifiable
P08_009	rule_perturbation_03	False	not_identifiable	False	1.0	not_identifiable
P08_009	rule_perturbation_04	False	not_identifiable	False	1.0	not_identifiable
P08_009	rule_perturbation_05	False	not_identifiable	False	1.0	not_identifiable
P08_010	rule_perturbation_01	False	not_identifiable	False	1.0	not_identifiable
P08_010	rule_perturbation_02	False	not_identifiable	False	1.0	not_identifiable
P08_010	rule_perturbation_03	False	not_identifiable	False	1.0	not_identifiable
P08_010	rule_perturbation_04	False	not_identifiable	False	1.0	not_identifiable
P08_010	rule_perturbation_05	False	not_identifiable	False	1.0	not_identifiable
P08_011	rule_perturbation_01	False	not_identifiable	False	1.0	not_identifiable
P08_011	rule_perturbation_02	False	not_identifiable	False	1.0	not_identifiable
P08_011	rule_perturbation_03	False	not_identifiable	False	1.0	not_identifiable
P08_011	rule_perturbation_04	False	not_identifiable	False	1.0	not_identifiable
P08_011	rule_perturbation_05	False	not_identifiable	False	1.0	not_identifiable
P08_012	rule_perturbation_01	False	not_identifiable	False	1.0	not_identifiable
P08_012	rule_perturbation_02	False	not_identifiable	False	1.0	not_identifiable
P08_012	rule_perturbation_03	False	not_identifiable	False	1.0	not_identifiable
P08_012	rule_perturbation_04	False	not_identifiable	False	1.0	not_identifiable
P08_012	rule_perturbation_05	False	not_identifiable	False	1.0	not_identifiable
P08_013	rule_perturbation_01	False	not_identifiable	False	1.0	not_identifiable
P08_013	rule_perturbation_02	False	not_identifiable	False	1.0	not_identifiable
P08_013	rule_perturbation_03	False	not_identifiable	False	1.0	not_identifiable
P08_013	rule_perturbation_04	False	not_identifiable	False	1.0	not_identifiable
P08_013	rule_perturbation_05	False	not_identifiable	False	1.0	not_identifiable
P08_014	rule_perturbation_01	False	not_identifiable	False	1.0	not_identifiable
P08_014	rule_perturbation_02	False	not_identifiable	False	1.0	not_identifiable
P08_014	rule_perturbation_03	False	not_identifiable	False	1.0	not_identifiable
P08_014	rule_perturbation_04	False	not_identifiable	False	1.0	not_identifiable
P08_014	rule_perturbation_05	False	not_identifiable	False	1.0	not_identifiable
P08_015	rule_perturbation_01	False	not_identifiable	False	1.0	not_identifiable
P08_015	rule_perturbation_02	True	developmental_delay	False	2.0	developmental_delay;true_loss
P08_015	rule_perturbation_03	False	not_identifiable	False	1.0	not_identifiable
P08_015	rule_perturbation_04	False	not_identifiable	False	1.0	not_identifiable
P08_015	rule_perturbation_05	False	not_identifiable	False	1.0	not_identifiable
P08_016	rule_perturbation_01	False	composition_artifact	True	1.0	composition_artifact;not_identifiable
P08_016	rule_perturbation_02	False	composition_artifact	True	1.0	composition_artifact;not_identifiable
P08_016	rule_perturbation_03	False	composition_artifact	True	1.0	composition_artifact;not_identifiable
P08_016	rule_perturbation_04	False	composition_artifact	True	1.0	composition_artifact;not_identifiable
P08_016	rule_perturbation_05	False	composition_artifact	True	1.0	composition_artifact;not_identifiable
P09_001	rule_perturbation_01	True	outcome_supported	False	3.0	outcome_supported;activation
P09_001	rule_perturbation_02	True	outcome_supported	False	3.5	outcome_supported;activation
P09_001	rule_perturbation_03	True	outcome_supported	False	3.0	outcome_supported;activation
P09_001	rule_perturbation_04	True	outcome_supported	False	3.5	outcome_supported;activation
P09_001	rule_perturbation_05	True	activation	False	1.5	activation;outcome_supported
P09_002	rule_perturbation_01	True	outcome_supported	False	3.0	outcome_supported;activation
P09_002	rule_perturbation_02	True	outcome_supported	False	3.5	outcome_supported;activation
P09_002	rule_perturbation_03	True	outcome_supported	False	3.0	outcome_supported;activation
P09_002	rule_perturbation_04	True	outcome_supported	False	3.5	outcome_supported;activation
P09_002	rule_perturbation_05	True	outcome_supported	False	3.0	outcome_supported;activation
P09_003	rule_perturbation_01	True	outcome_supported	False	3.0	outcome_supported;activation
P09_003	rule_perturbation_02	True	outcome_supported	False	3.5	outcome_supported;activation
P09_003	rule_perturbation_03	True	outcome_supported	False	3.0	outcome_supported;activation
P09_003	rule_perturbation_04	True	outcome_supported	False	3.5	outcome_supported;activation
P09_003	rule_perturbation_05	True	outcome_supported	False	3.0	outcome_supported;activation
P09_004	rule_perturbation_01	True	outcome_supported	False	3.0	outcome_supported;activation
P09_004	rule_perturbation_02	True	outcome_supported	False	3.5	outcome_supported;activation
P09_004	rule_perturbation_03	True	outcome_supported	False	3.0	outcome_supported;activation
P09_004	rule_perturbation_04	True	activation	False	3.0	activation;outcome_supported
P09_004	rule_perturbation_05	True	activation	False	2.5	activation;outcome_supported
P09_005	rule_perturbation_01	True	outcome_supported	False	3.0	outcome_supported;activation
P09_005	rule_perturbation_02	True	outcome_supported	False	3.5	outcome_supported;activation
P09_005	rule_perturbation_03	True	outcome_supported	False	3.0	outcome_supported;activation
P09_005	rule_perturbation_04	True	activation	False	3.0	activation;outcome_supported
P09_005	rule_perturbation_05	True	activation	False	2.5	activation;outcome_supported
P09_006	rule_perturbation_01	True	outcome_supported	False	3.0	outcome_supported;activation
P09_006	rule_perturbation_02	True	outcome_supported	False	3.5	outcome_supported;activation
P09_006	rule_perturbation_03	True	outcome_supported	False	3.0	outcome_supported;activation
P09_006	rule_perturbation_04	True	activation	False	3.0	activation;outcome_supported
P09_006	rule_perturbation_05	True	outcome_supported	False	3.0	outcome_supported;activation
P09_007	rule_perturbation_01	True	outcome_supported	False	3.0	outcome_supported;activation
P09_007	rule_perturbation_02	True	outcome_supported	False	3.5	outcome_supported;activation
P09_007	rule_perturbation_03	True	outcome_supported	False	3.0	outcome_supported;activation
P09_007	rule_perturbation_04	True	activation	False	3.0	activation;outcome_supported
P09_007	rule_perturbation_05	True	activation	False	2.5	activation;outcome_supported
P09_008	rule_perturbation_01	True	outcome_supported	False	3.0	outcome_supported;activation
P09_008	rule_perturbation_02	True	outcome_supported	False	3.5	outcome_supported;activation
P09_008	rule_perturbation_03	True	outcome_supported	False	3.0	outcome_supported;activation
P09_008	rule_perturbation_04	True	outcome_supported	False	3.5	outcome_supported;activation
P09_008	rule_perturbation_05	True	outcome_supported	False	3.0	outcome_supported;activation
P09_009	rule_perturbation_01	True	outcome_supported	False	3.0	outcome_supported;activation
P09_009	rule_perturbation_02	True	outcome_supported	False	3.5	outcome_supported;activation
P09_009	rule_perturbation_03	True	outcome_supported	False	3.0	outcome_supported;activation
P09_009	rule_perturbation_04	True	outcome_supported	False	3.5	outcome_supported;activation
P09_009	rule_perturbation_05	True	outcome_supported	False	3.0	outcome_supported;activation
P09_010	rule_perturbation_01	True	outcome_supported	False	3.0	outcome_supported;activation
P09_010	rule_perturbation_02	True	outcome_supported	False	3.5	outcome_supported;activation
P09_010	rule_perturbation_03	True	outcome_supported	False	3.0	outcome_supported;activation
P09_010	rule_perturbation_04	True	outcome_supported	False	3.5	outcome_supported;activation
P09_010	rule_perturbation_05	True	outcome_supported	False	3.0	outcome_supported;activation
P09_011	rule_perturbation_01	True	outcome_supported	False	3.0	outcome_supported;activation
P09_011	rule_perturbation_02	True	outcome_supported	False	3.5	outcome_supported;activation
P09_011	rule_perturbation_03	True	outcome_supported	False	3.0	outcome_supported;activation
P09_011	rule_perturbation_04	True	outcome_supported	False	3.5	outcome_supported;activation
P09_011	rule_perturbation_05	True	outcome_supported	False	3.0	outcome_supported;activation
P09_012	rule_perturbation_01	True	outcome_supported	False	3.0	outcome_supported;activation
P09_012	rule_perturbation_02	True	outcome_supported	False	3.5	outcome_supported;activation
P09_012	rule_perturbation_03	True	outcome_supported	False	3.0	outcome_supported;activation
P09_012	rule_perturbation_04	True	outcome_supported	False	3.5	outcome_supported;activation
P09_012	rule_perturbation_05	True	outcome_supported	False	3.0	outcome_supported;activation
P09_013	rule_perturbation_01	True	activation	False	1.5	activation;outcome_supported
P09_013	rule_perturbation_02	True	activation	False	2.0	activation;outcome_supported
P09_013	rule_perturbation_03	True	outcome_supported	False	1.5	outcome_supported;activation
P09_013	rule_perturbation_04	True	activation	False	2.0	activation;outcome_supported
P09_013	rule_perturbation_05	True	activation	False	1.5	activation;outcome_supported
P09_014	rule_perturbation_01	True	outcome_supported	False	3.0	outcome_supported;activation
P09_014	rule_perturbation_02	True	outcome_supported	False	3.5	outcome_supported;activation
P09_014	rule_perturbation_03	True	outcome_supported	False	3.0	outcome_supported;activation
P09_014	rule_perturbation_04	True	outcome_supported	False	3.5	outcome_supported;activation
P09_014	rule_perturbation_05	True	outcome_supported	False	3.0	outcome_supported;activation
P09_015	rule_perturbation_01	True	outcome_supported	False	3.0	outcome_supported;activation
P09_015	rule_perturbation_02	True	outcome_supported	False	3.5	outcome_supported;activation
P09_015	rule_perturbation_03	True	outcome_supported	False	3.0	outcome_supported;activation
P09_015	rule_perturbation_04	True	outcome_supported	False	3.5	outcome_supported;activation
P09_015	rule_perturbation_05	True	outcome_supported	False	3.0	outcome_supported;activation
P09_016	rule_perturbation_01	True	outcome_supported	False	3.0	outcome_supported;activation
P09_016	rule_perturbation_02	True	outcome_supported	False	3.5	outcome_supported;activation
P09_016	rule_perturbation_03	True	outcome_supported	False	3.0	outcome_supported;activation
P09_016	rule_perturbation_04	True	outcome_supported	False	3.5	outcome_supported;activation
P09_016	rule_perturbation_05	True	activation	False	2.5	activation;outcome_supported
P10_001	rule_perturbation_01	True	reversal_supported	False	3.0	reversal_supported;suppression
P10_001	rule_perturbation_02	True	reversal_supported	False	3.5	reversal_supported;suppression
P10_001	rule_perturbation_03	True	reversal_supported	False	3.0	reversal_supported;suppression
P10_001	rule_perturbation_04	True	reversal_supported	False	3.5	reversal_supported;suppression
P10_001	rule_perturbation_05	True	reversal_supported	False	3.0	reversal_supported;suppression
P10_002	rule_perturbation_01	True	reversal_supported	False	3.0	reversal_supported;suppression
P10_002	rule_perturbation_02	True	reversal_supported	False	3.5	reversal_supported;suppression
P10_002	rule_perturbation_03	True	reversal_supported	False	3.0	reversal_supported;suppression
P10_002	rule_perturbation_04	True	reversal_supported	False	3.5	reversal_supported;suppression
P10_002	rule_perturbation_05	True	reversal_supported	False	3.0	reversal_supported;suppression
P10_003	rule_perturbation_01	True	reversal_supported	False	3.0	reversal_supported;suppression
P10_003	rule_perturbation_02	True	reversal_supported	False	3.5	reversal_supported;suppression
P10_003	rule_perturbation_03	True	reversal_supported	False	3.0	reversal_supported;suppression
P10_003	rule_perturbation_04	True	reversal_supported	False	3.5	reversal_supported;suppression
P10_003	rule_perturbation_05	True	reversal_supported	False	3.0	reversal_supported;suppression
P10_004	rule_perturbation_01	True	reversal_supported	False	3.0	reversal_supported;suppression
P10_004	rule_perturbation_02	True	reversal_supported	False	3.5	reversal_supported;suppression
P10_004	rule_perturbation_03	True	reversal_supported	False	3.0	reversal_supported;suppression
P10_004	rule_perturbation_04	True	reversal_supported	False	3.5	reversal_supported;suppression
P10_004	rule_perturbation_05	True	reversal_supported	False	3.0	reversal_supported;suppression
P10_005	rule_perturbation_01	True	reversal_supported	False	3.0	reversal_supported;suppression
P10_005	rule_perturbation_02	True	reversal_supported	False	3.5	reversal_supported;suppression
P10_005	rule_perturbation_03	True	reversal_supported	False	3.0	reversal_supported;suppression
P10_005	rule_perturbation_04	True	suppression	False	2.0	suppression;true_loss
P10_005	rule_perturbation_05	True	suppression	False	2.5	suppression;true_loss
P10_006	rule_perturbation_01	True	reversal_supported	False	3.0	reversal_supported;suppression
P10_006	rule_perturbation_02	True	reversal_supported	False	3.5	reversal_supported;suppression
P10_006	rule_perturbation_03	True	reversal_supported	False	3.0	reversal_supported;suppression
P10_006	rule_perturbation_04	True	reversal_supported	False	3.5	reversal_supported;suppression
P10_006	rule_perturbation_05	True	reversal_supported	False	3.0	reversal_supported;suppression
P10_007	rule_perturbation_01	True	reversal_supported	False	3.0	reversal_supported;suppression
P10_007	rule_perturbation_02	True	reversal_supported	False	3.5	reversal_supported;suppression
P10_007	rule_perturbation_03	True	reversal_supported	False	3.0	reversal_supported;suppression
P10_007	rule_perturbation_04	True	reversal_supported	False	3.5	reversal_supported;suppression
P10_007	rule_perturbation_05	True	reversal_supported	False	3.0	reversal_supported;suppression
P10_008	rule_perturbation_01	True	reversal_supported	False	3.0	reversal_supported;suppression
P10_008	rule_perturbation_02	True	reversal_supported	False	3.5	reversal_supported;suppression
P10_008	rule_perturbation_03	True	reversal_supported	False	3.0	reversal_supported;suppression
P10_008	rule_perturbation_04	True	reversal_supported	False	3.5	reversal_supported;suppression
P10_008	rule_perturbation_05	True	reversal_supported	False	3.0	reversal_supported;suppression
P10_009	rule_perturbation_01	True	reversal_supported	False	3.0	reversal_supported;suppression
P10_009	rule_perturbation_02	True	reversal_supported	False	3.5	reversal_supported;suppression
P10_009	rule_perturbation_03	True	reversal_supported	False	3.0	reversal_supported;suppression
P10_009	rule_perturbation_04	True	suppression	False	3.0	suppression;true_loss
P10_009	rule_perturbation_05	True	suppression	False	2.5	suppression;true_loss
P10_010	rule_perturbation_01	True	reversal_supported	False	3.0	reversal_supported;suppression
P10_010	rule_perturbation_02	True	reversal_supported	False	3.5	reversal_supported;suppression
P10_010	rule_perturbation_03	True	reversal_supported	False	3.0	reversal_supported;suppression
P10_010	rule_perturbation_04	True	reversal_supported	False	3.5	reversal_supported;suppression
P10_010	rule_perturbation_05	True	reversal_supported	False	3.0	reversal_supported;suppression
P10_011	rule_perturbation_01	True	reversal_supported	False	3.0	reversal_supported;suppression
P10_011	rule_perturbation_02	True	reversal_supported	False	3.5	reversal_supported;suppression
P10_011	rule_perturbation_03	True	reversal_supported	False	3.0	reversal_supported;suppression
P10_011	rule_perturbation_04	True	reversal_supported	False	3.5	reversal_supported;suppression
P10_011	rule_perturbation_05	True	reversal_supported	False	3.0	reversal_supported;suppression
P10_012	rule_perturbation_01	True	reversal_supported	False	3.0	reversal_supported;suppression
P10_012	rule_perturbation_02	True	reversal_supported	False	3.5	reversal_supported;suppression
P10_012	rule_perturbation_03	True	reversal_supported	False	3.0	reversal_supported;suppression
P10_012	rule_perturbation_04	True	reversal_supported	False	3.5	reversal_supported;suppression
P10_012	rule_perturbation_05	True	reversal_supported	False	3.0	reversal_supported;suppression
P10_013	rule_perturbation_01	True	reversal_supported	False	3.0	reversal_supported;suppression
P10_013	rule_perturbation_02	True	reversal_supported	False	3.5	reversal_supported;suppression
P10_013	rule_perturbation_03	True	reversal_supported	False	3.0	reversal_supported;suppression
P10_013	rule_perturbation_04	True	reversal_supported	False	3.5	reversal_supported;suppression
P10_013	rule_perturbation_05	True	reversal_supported	False	3.0	reversal_supported;suppression
P10_014	rule_perturbation_01	True	reversal_supported	False	3.0	reversal_supported;suppression
P10_014	rule_perturbation_02	True	reversal_supported	False	3.5	reversal_supported;suppression
P10_014	rule_perturbation_03	True	reversal_supported	False	3.0	reversal_supported;suppression
P10_014	rule_perturbation_04	True	reversal_supported	False	3.5	reversal_supported;suppression
P10_014	rule_perturbation_05	True	reversal_supported	False	3.0	reversal_supported;suppression
P10_015	rule_perturbation_01	True	reversal_supported	False	3.0	reversal_supported;suppression
P10_015	rule_perturbation_02	True	reversal_supported	False	3.5	reversal_supported;suppression
P10_015	rule_perturbation_03	True	reversal_supported	False	3.0	reversal_supported;suppression
P10_015	rule_perturbation_04	True	reversal_supported	False	3.5	reversal_supported;suppression
P10_015	rule_perturbation_05	True	reversal_supported	False	3.0	reversal_supported;suppression
P10_016	rule_perturbation_01	True	reversal_supported	False	3.0	reversal_supported;suppression
P10_016	rule_perturbation_02	True	reversal_supported	False	3.5	reversal_supported;suppression
P10_016	rule_perturbation_03	True	reversal_supported	False	3.0	reversal_supported;suppression
P10_016	rule_perturbation_04	True	reversal_supported	False	3.5	reversal_supported;suppression
P10_016	rule_perturbation_05	True	reversal_supported	False	3.0	reversal_supported;suppression
