item	status	evidence
immutable_neutral_release_commit	BLOCKED	PENDING
dataset_accession_locked_without_outcome_values	BLOCKED	PENDING
event_families_and_gene_set_hashes_locked	BLOCKED	PENDING
biological_blocks_and_primary_contrast_locked	BLOCKED	PENDING
negative_and_artifact_sensitive_controls_locked	BLOCKED	PENDING
outcome_file_masked_and_hashed	BLOCKED	PENDING
external_Zenodo_or_OSF_timestamp	BLOCKED	PENDING
all_failure_reporting_rules_locked	READY	reporting_and_exclusion_rules.tsv
post_freeze_claim_allowed	NO	All blocked items must pass first
