packet_id	distribution_shift	n_blocks	curve_effect	peak_shift	terminal_recovery	alternative_fate_gain	composition_score	stress_score	outcome_alignment	reversal_score	block_direction_stability	matched_state_balance	negative_control_margin	missing_evidence_fraction	truth_event_present	truth_artifact_sensitive	truth_packet_class	truth_biological_event_mode	truth_artifact_class	truth_identifiability_status	truth_v_outcome	truth_v_reversal	truth_v_rescue	truth_v_replication	truth_evidence_tier	ted_event_present	ted_packet_class	ted_biological_event_mode	ted_artifact_class	ted_identifiability_status	ted_v_outcome	ted_v_reversal	ted_v_rescue	ted_v_replication	ted_artifact_sensitive	ted_evidence_tier	ted_identifiability	ted_packet_class_compatibility_set	replicate	partition	truth_E	ted_E
P01_001	False	5	0.8576081815989066	0.000354547928383	0.8961260219785837	0.0379380919755422	0.0	0.0613353574723069	0.1626716902426909	0.2092404718228557	0.875428009581132	0.7815843961170132	0.6996978031219698	0.1980933852699509	True	False	activation	activation	none	identifiable	False	False	False	False	3.0	True	activation	activation	none	identifiable	False	False	False	False	False	3.0	0.8267404850932781	activation;outcome_supported	1	development	E2	E2
P01_002	False	10	0.840103780149338	0.1994588207310554	0.9214437415972752	0.1318390605772162	0.1875843714422327	0.1099478767113157	0.070241743934081	0.0456304615196815	0.920786948405692	0.7384444038751131	0.6952206451629743	0.2718344069740705	True	False	activation	activation	none	identifiable	False	False	False	False	3.0	True	activation	activation	none	identifiable	False	False	False	False	False	3.0	0.8133549960301695	activation;outcome_supported	2	development	E2	E2
P01_003	False	5	0.8117653596857578	-0.0307728520727285	0.8238565579648114	0.0	0.0495197920145891	0.1865780441173661	0.0858560220694591	0.1316993245010713	0.7923167182869612	0.9119716414059024	0.7786046719605225	0.1152744901265776	True	False	activation	activation	none	identifiable	False	False	False	False	3.0	True	activation	activation	none	identifiable	False	False	False	False	False	3.0	0.8652163770368402	activation;outcome_supported	3	development	E2	E1
P01_004	False	3	0.8661440289862493	0.0041725475008879	0.7940208347035377	0.0813586554423329	0.042036183883473	0.1126566394364048	0.0376681937951765	0.0264047292985813	0.8636736996297438	0.9372785699047446	0.7797079169658189	0.2226003646389385	True	False	activation	activation	none	identifiable	False	False	False	False	3.0	True	activation	activation	none	identifiable	False	False	False	False	False	3.0	0.8021589123574635	activation;outcome_supported	4	development	E2	E2
P01_005	False	10	0.8515044610128225	0.0443359923719843	0.918917863782072	0.1184395188388038	0.0514602118598196	0.0608711287467637	0.1983879936047186	0.0	0.8076332595161453	0.8671899550034428	0.6691209276031698	0.2420196543034562	True	False	activation	activation	none	identifiable	False	False	False	False	3.0	True	activation	activation	none	identifiable	False	False	False	False	False	3.0	0.8126902279445062	activation;outcome_supported	5	development	E2	E2
P01_006	False	5	0.9093811160590896	0.0561076059692747	0.8783075250342036	0.0	0.1569673814043644	0.1822529947895714	0.0257336481345307	0.0307777411411218	0.9184388491004036	0.9021800278246104	0.8127776747772022	0.2553673008857586	True	False	activation	activation	none	identifiable	False	False	False	False	3.0	True	activation	activation	none	identifiable	False	False	False	False	False	3.0	0.8723434041273078	activation;outcome_supported	6	development	E2	E2
P01_007	False	5	0.7608580826824499	-0.1759092890643946	0.8913151265695668	0.0	0.0	0.0207155812674686	0.3071769053911102	0.2018553408817524	0.9290308246498894	0.7258547309669687	0.713342917502539	0.1879485744342811	True	False	activation	activation	none	identifiable	False	False	False	False	3.0	True	activation	activation	none	identifiable	False	False	False	False	False	3.0	0.8332172127230189	activation;outcome_supported	7	development	E2	E2
P01_008	False	5	0.8639052321299987	0.0738064061685965	0.7963724150240147	0.0558111424150329	0.0	0.0932771397468036	0.0	0.126736776806555	0.8995897048640696	0.8073987957492498	0.6811543886105963	0.136750709680524	True	False	activation	activation	none	identifiable	False	False	False	False	3.0	True	activation	activation	none	identifiable	False	False	False	False	False	3.0	0.8462620241032411	activation;outcome_supported	8	development	E2	E2
P01_009	False	10	0.8797193503516084	0.0772821752055454	0.9157114135429464	0.0	0.1380650839677323	0.1179369910589922	0.0	0.1173335016418175	0.7237579565333384	0.8377352168221274	0.6427308433575606	0.1772128284920751	True	False	activation	activation	none	identifiable	False	False	False	False	3.0	True	activation	activation	none	identifiable	False	False	False	False	False	2.0	0.7943525559055239	activation;outcome_supported	9	tuning	E2	E1
P01_010	False	5	0.8391848486514571	0.0004627462074915	0.7951423214638658	0.0781972226630897	0.0085605520128003	0.1059493804869419	0.0830498927145509	0.1173850411577599	0.8599216945397969	0.8607132265258095	0.8001514247492709	0.1610121027321862	True	False	activation	activation	none	identifiable	False	False	False	False	3.0	True	activation	activation	none	identifiable	False	False	False	False	False	3.0	0.8663517163981301	activation;outcome_supported	10	tuning	E2	E2
P01_011	False	5	0.9717649489226328	0.0447315468339915	0.8997685999239632	0.008230353117961	0.1131971043196716	0.0872752727709028	0.0927219263313134	0.0107671492765747	0.8544503704197262	0.6080741294166758	0.7880440471815333	0.2099302324573499	True	False	activation	activation	none	identifiable	False	False	False	False	3.0	True	activation	activation	none	identifiable	False	False	False	False	False	3.0	0.802305677728906	activation;outcome_supported	11	tuning	E2	E2
P01_012	False	3	0.8433737211971177	-0.1186636716850596	0.7587421370308152	0.1499547487856123	0.0784832056807528	0.2176981242960295	0.2173329150617345	0.00454585869161	0.8662718464764754	0.7035362011937042	0.7645234665470108	0.2547068187737543	True	False	activation	activation	none	identifiable	False	False	False	False	3.0	True	activation	activation	none	identifiable	False	False	False	False	False	3.0	0.7465758129477462	activation;outcome_supported	12	tuning	E2	E2
P01_013	True	10	0.854238493721813	-0.224527286566759	0.7297040205640621	0.0	0.0883806276134254	0.2935037636216047	0.0829354859958795	0.0841801531237475	0.7968086974435507	0.8689957701203249	0.9898402251329604	0.3278503284554383	True	False	activation	activation	none	identifiable	False	False	False	False	3.0	True	activation	activation	none	identifiable	False	False	False	False	False	3.0	0.8574312207460216	activation;outcome_supported	13	retrospective_shifted_audit	E2	E1
P01_014	True	10	0.7046743940487858	-0.1547490429581081	1.0	0.0	0.0336493276946328	0.1816301642833576	0.1342777651414482	0.0614888516875627	0.8330586143563943	0.7714648589535003	0.6730030454229187	0.2483030627439368	True	False	activation	activation	none	identifiable	False	False	False	False	3.0	True	activation	activation	none	identifiable	False	False	False	False	False	3.0	0.7991670357720311	activation;outcome_supported	14	retrospective_shifted_audit	E2	E2
P01_015	True	2	0.7269948423253153	0.0535062192678098	0.9526348006911846	0.0	0.1875668410785386	0.0	0.0	0.0462196066700348	0.9923972382471667	0.7860314558738919	0.8635339339048888	0.2870765931191742	True	False	activation	activation	none	identifiable	False	False	False	False	3.0	True	activation	activation	none	identifiable	False	False	False	False	False	2.0	0.7746730965112413	activation;outcome_supported	15	retrospective_shifted_audit	E1	E1
P01_016	True	2	0.7667831615771101	0.0256489814676955	0.8095080795435893	0.0	0.3137510626791608	0.0480233246564799	0.0934353052116877	0.1665111449173253	0.744770212607415	0.588679238548231	0.4099715936896633	0.1360861897385904	True	False	activation	activation	none	identifiable	False	False	False	False	3.0	True	activation	activation	none	identifiable	False	False	False	False	False	2.0	0.6152577795256404	activation;outcome_supported	16	retrospective_shifted_audit	E1	E1
P02_001	False	5	-0.7707731230839429	0.0139825644859867	0.2046437495278573	0.0	0.0	0.0780937215841538	0.0738264530600427	0.0484746898548215	0.8174735936795642	0.7889757484878981	0.7496291181648298	0.1233007995962595	True	False	suppression	suppression	none	identifiable	False	False	False	False	3.0	True	true_loss	true_loss	none	identifiable	False	False	False	False	False	3.0	0.8392544758943892	true_loss;suppression	1	development	E2	E2
P02_002	False	5	-0.8774893747801189	0.0470577700748173	0.2662402746353205	0.1019740437128255	0.2373603592038329	0.0299300346635035	0.0769310354304829	0.0799107845489861	0.8090280001297845	0.897564768444634	0.7384801020589694	0.2218458824970535	True	False	suppression	suppression	none	identifiable	False	False	False	False	3.0	True	true_loss	true_loss	none	identifiable	False	False	False	False	False	3.0	0.8370065176324583	true_loss;suppression	2	development	E2	E2
P02_003	False	5	-0.9912025305897064	-0.0227725454556637	0.2370642772790035	0.0	0.1536818378824589	0.0905984956977355	0.0430864522852955	0.0624939236240463	0.8656870700351077	0.794646306398203	0.8439894770794165	0.2387203960993378	True	False	suppression	suppression	none	identifiable	False	False	False	False	3.0	True	true_loss	true_loss	none	identifiable	False	False	False	False	False	3.0	0.8477479742840823	true_loss;suppression	3	development	E2	E2
P02_004	False	5	-0.7696433251899643	-0.166812990811101	0.1992158081736416	0.0451324829891659	0.0	0.0789533952351809	0.0882598765719304	0.0161084597900914	0.8517983470672852	0.9616180103953872	0.7039309966966664	0.1561649744814319	True	False	suppression	suppression	none	identifiable	False	False	False	False	3.0	True	true_loss	true_loss	none	identifiable	False	False	False	False	False	3.0	0.866308409818273	true_loss;suppression	4	development	E2	E2
P02_005	False	10	-0.8863650219071694	-0.0145055726708035	0.1014355617406188	0.0662442993909462	0.0436045994124041	0.0600874781209597	0.1202701387582305	0.0533839496253339	0.7800117670482728	0.9061177403503572	0.7592480106948561	0.1605860030985131	True	False	suppression	suppression	none	identifiable	False	False	False	False	3.0	True	true_loss	true_loss	none	identifiable	False	False	False	False	False	3.0	0.8481587736809256	true_loss;suppression	5	development	E2	E1
P02_006	False	10	-0.7971303433755891	0.0211938534694761	0.2018409508138266	0.0928745921591699	0.0607900025396183	0.0766312866574819	0.1576354355906753	0.119164848691168	1.0	0.7372517831438742	0.8781715657256179	0.2139503960414873	True	False	suppression	suppression	none	identifiable	False	False	False	False	3.0	True	true_loss	true_loss	none	identifiable	False	False	False	False	False	3.0	0.880294590565601	true_loss;suppression	6	development	E2	E2
P02_007	False	2	-0.7837614753294979	-0.006643894347906	0.1404115070925479	0.0150281788113258	0.0964356843004111	0.1333764553706353	0.0862814549102605	0.0	0.8420549453791701	0.849828071230985	0.7535304486759274	0.2070263847566177	True	False	suppression	suppression	none	identifiable	False	False	False	False	3.0	True	true_loss	true_loss	none	identifiable	False	False	False	False	False	2.0	0.74535961392106	true_loss;suppression	7	development	E1	E1
P02_008	False	10	-0.803229449033914	-0.0459283183524332	0.1485817075423868	0.0443111241701562	0.1721603036645089	0.1163760587067885	0.2050598286353065	0.0544654234742787	1.0	0.8083463688577938	0.7983114136365479	0.1751107989898957	True	False	suppression	suppression	none	identifiable	False	False	False	False	3.0	True	true_loss	true_loss	none	identifiable	False	False	False	False	False	3.0	0.8863093967008893	true_loss;suppression	8	development	E2	E2
P02_009	False	10	-0.8838606810886195	0.0032839364424359	0.2656962896300231	0.1072573142098979	0.1494903330426036	0.0	0.1148360608982879	0.1618590920181054	0.8754825203819968	0.8996676289551649	0.7754227646795913	0.0	True	False	suppression	suppression	none	identifiable	False	False	False	False	3.0	True	true_loss	true_loss	none	identifiable	False	False	False	False	False	3.0	0.9051338836186305	true_loss;suppression	9	tuning	E2	E2
P02_010	False	10	-0.8305901101699407	-0.0941201600505418	0.0912841051527035	0.1454606693058132	0.0206695627043385	0.2062351896720986	0.0	0.0146576622612707	0.944013453458633	0.8890796745017151	0.5388861122419519	0.1160431969047298	True	False	suppression	suppression	none	identifiable	False	False	False	False	3.0	True	true_loss	true_loss	none	identifiable	False	False	False	False	False	3.0	0.8489477467978594	true_loss;suppression	10	tuning	E2	E2
P02_011	False	5	-0.8623180200966788	0.1200310435561724	0.3101582182893915	0.0866472160051977	0.1377516309762986	0.0	0.0672327831296441	0.0222927050408726	0.8467390960063277	0.8354928491827729	0.7657765599247073	0.0343434538679349	True	False	suppression	suppression	none	identifiable	False	False	False	False	3.0	True	true_loss	true_loss	none	identifiable	False	False	False	False	False	3.0	0.8766025740894277	true_loss;suppression	11	tuning	E2	E2
P02_012	False	5	-0.9116898240203632	0.0824828762411816	0.234885482941133	0.0236710536361196	0.0853710032079877	0.1262181209158256	0.2190290142775007	0.1501314561488085	0.8139641897314656	0.8230788627063382	0.7165419914312775	0.2230929207705965	True	False	suppression	suppression	none	identifiable	False	False	False	False	3.0	True	true_loss	true_loss	none	identifiable	False	False	False	False	False	3.0	0.8186569922089556	true_loss;suppression	12	tuning	E2	E2
P02_013	True	5	-0.657918990992932	0.0778625352161779	0.2347377027648723	0.0193303463785701	0.232896113725893	0.1430750969808246	0.2272210579673074	0.0338570889047688	0.7478130171811175	0.8725366963770369	0.8780056336582558	0.1273124073153246	True	False	suppression	suppression	none	identifiable	False	False	False	False	3.0	True	true_loss	true_loss	none	identifiable	False	False	False	False	False	2.0	0.864121108667462	true_loss;suppression	13	retrospective_shifted_audit	E2	E1
P02_014	True	5	-0.9476860261245534	-0.110848686446383	0.4180682455521759	0.0	0.0	0.2292743325684779	0.3361612998200255	0.2637938693469579	0.7828215493089637	0.7394960994512552	0.6703709929369588	0.3040820001432415	True	False	suppression	suppression	none	identifiable	False	False	False	False	3.0	True	suppression	suppression	none	identifiable	False	False	False	False	False	3.0	0.7690341902831458	suppression;true_loss	14	retrospective_shifted_audit	E2	E1
P02_015	True	5	-0.85013491080046	-0.0736732120134717	0.1936554271717008	0.2813754413457817	0.0870561145213746	0.0	0.0	0.0	0.8541500810773488	0.7148162889899955	0.5339022232994789	0.2879007297185083	True	False	suppression	suppression	none	identifiable	False	False	False	False	3.0	True	true_loss	true_loss	none	identifiable	False	False	False	False	False	3.0	0.757159575972757	true_loss;suppression	15	retrospective_shifted_audit	E2	E2
P02_016	True	3	-0.725235442635732	-0.1414712809680692	0.0	0.0727246342643094	0.1276670820121074	0.0	0.1622198453232005	0.0	0.9341067057921248	0.9328178473092588	0.876092117675688	0.2405280402663419	True	False	suppression	suppression	none	identifiable	False	False	False	False	3.0	True	true_loss	true_loss	none	identifiable	False	False	False	False	False	3.0	0.8338619943338309	true_loss;suppression	16	retrospective_shifted_audit	E2	E2
P03_001	False	5	-0.153879392195826	0.4007169801650085	0.6672513411095597	0.1601108759795205	0.0326624142598718	0.1488393894008528	0.2230919625974338	0.1673709854688206	1.0	0.7507670106739782	0.7711474122661923	0.0821216138153833	True	False	developmental_delay	developmental_delay	none	identifiable	False	False	False	False	3.0	True	developmental_delay	developmental_delay	none	identifiable	False	False	False	False	False	3.0	0.8879585618249575	developmental_delay;true_loss	1	development	E2	E2
P03_002	False	5	-0.1403617871881233	0.3593818376930217	0.6271709590108545	0.0436617746430963	0.1702837188543205	0.1012087798000493	0.0	0.1921715272975017	0.8368619275082265	0.8037229509318544	0.711190123123527	0.1637845479406291	True	False	developmental_delay	developmental_delay	none	identifiable	False	False	False	False	3.0	True	developmental_delay	developmental_delay	none	identifiable	False	False	False	False	False	3.0	0.8310725678249249	developmental_delay;true_loss	2	development	E2	E2
P03_003	False	10	-0.1803867154423675	0.2604140174879857	0.7592153991136539	0.0695873357753081	0.0591648162509377	0.0568833193730014	0.2428012887883526	0.048797180430231	0.9050705556381796	0.8490581776709858	0.7187520710962122	0.2632159365976813	True	False	developmental_delay	developmental_delay	none	identifiable	False	False	False	False	3.0	True	developmental_delay	developmental_delay	none	identifiable	False	False	False	False	False	3.0	0.8381357957870665	developmental_delay;true_loss	3	development	E2	E2
P03_004	False	10	-0.2812604135816609	0.2946745465894546	0.7495242767697547	0.179985836360574	0.0859035712378361	0.0	0.0259165155685634	0.0	0.7359903358341477	0.726793532219647	0.850324620770067	0.1557299160760974	True	False	developmental_delay	developmental_delay	none	identifiable	False	False	False	False	3.0	True	developmental_delay	developmental_delay	none	identifiable	False	False	False	False	False	2.0	0.8209153279829188	developmental_delay;true_loss	4	development	E2	E1
P03_005	False	10	-0.2044818846002971	0.3118821314524517	0.8420698744827426	0.0960563526808443	0.1949142186782583	0.1684492127152169	0.0	0.0236188631127221	0.9058205551735534	0.8316858932569583	0.8002052652396733	0.222709709485449	True	False	developmental_delay	developmental_delay	none	identifiable	False	False	False	False	3.0	True	developmental_delay	developmental_delay	none	identifiable	False	False	False	False	False	3.0	0.8592332230438895	developmental_delay;true_loss	5	development	E2	E2
P03_006	False	3	-0.1921728152819914	0.2069860982145107	0.7322999719539797	0.1259416145702998	0.0786873982512442	0.1860757545508302	0.1307624386505855	0.04683458845452	0.7395306233228758	0.8912244214104085	0.834653988750628	0.3008901617391589	True	False	developmental_delay	developmental_delay	none	identifiable	False	False	False	False	3.0	True	developmental_delay	developmental_delay	none	identifiable	False	False	False	False	False	2.0	0.7584849992818657	developmental_delay;true_loss	6	development	E2	E1
P03_007	False	5	-0.1155227094482244	0.3318351107711377	0.6120809198561149	0.0010210615803765	0.1034122141070217	0.0855093388875818	0.066899124077207	0.0677433294221082	0.758957567302174	0.8441569085697248	0.6929124621528034	0.1113587536657267	True	False	developmental_delay	developmental_delay	none	identifiable	False	False	False	False	3.0	True	developmental_delay	developmental_delay	none	identifiable	False	False	False	False	False	3.0	0.827291939563882	developmental_delay;true_loss	7	development	E2	E1
P03_008	False	3	-0.1797026932780383	0.2638702138217192	0.6438085329682242	0.0	0.0612852061604905	0.0319275506107535	0.1167121041291772	0.0325574703122361	0.9140784108749456	0.8622968770717452	0.8315620734037774	0.0752843406901487	True	False	developmental_delay	developmental_delay	none	identifiable	False	False	False	False	3.0	True	developmental_delay	developmental_delay	none	identifiable	False	False	False	False	False	3.0	0.8390937405670618	developmental_delay;true_loss	8	development	E2	E2
P03_009	False	5	-0.2218800629579163	0.2530474348296306	0.5871677281844633	0.1783041549799984	0.0526175719517348	0.2202106153143515	0.1906878629636654	0.0	0.9322369514982908	0.7430542205385767	0.7020369857668717	0.0612641942839286	True	False	developmental_delay	developmental_delay	none	identifiable	False	False	False	False	3.0	True	developmental_delay	developmental_delay	none	identifiable	False	False	False	False	False	3.0	0.8605022707638939	developmental_delay;true_loss	9	tuning	E2	E2
P03_010	False	5	-0.1212998429975328	0.2666755790200255	0.7235659433289563	0.0084326723907725	0.1304982313909696	0.1253706787216826	0.1778889887072656	0.0	0.8139085891039346	0.8928169554819207	0.7182653540554496	0.1931098342259408	True	False	developmental_delay	developmental_delay	none	identifiable	False	False	False	False	3.0	True	developmental_delay	developmental_delay	none	identifiable	False	False	False	False	False	3.0	0.8389325564472303	developmental_delay;true_loss	10	tuning	E2	E2
P03_011	False	5	-0.2924284096255557	0.2860486679261865	0.6897308472120511	0.1477192041781505	0.2287217841760368	0.172833098774391	0.0426721039510534	0.0	0.852533529599897	0.7276703544653285	0.6273137078605587	0.172603879026256	True	False	developmental_delay	developmental_delay	none	identifiable	False	False	False	False	3.0	True	developmental_delay	developmental_delay	none	identifiable	False	False	False	False	False	3.0	0.8010840837639016	developmental_delay;true_loss	11	tuning	E2	E2
P03_012	False	3	-0.1267419761151602	0.3352012464618935	0.7423254550259516	0.0483460898912442	0.1013375830964775	0.2214952230959251	0.2551340232377502	0.0	0.8962927516951267	0.8004868402432005	0.8002530293039439	0.1470103291471812	True	False	developmental_delay	developmental_delay	none	identifiable	False	False	False	False	3.0	True	developmental_delay	developmental_delay	none	identifiable	False	False	False	False	False	3.0	0.8018561684868231	developmental_delay;true_loss	12	tuning	E2	E2
P03_013	True	5	-0.3600028466579925	0.3166451278693702	0.9778110634020566	0.0	0.1147122297119833	0.0113535405181365	0.2740869675411314	0.2417987362574709	0.8064068118821305	0.8688215058315278	0.697291048127125	0.0842563017070444	True	False	developmental_delay	developmental_delay	none	identifiable	False	False	False	False	3.0	True	developmental_delay	developmental_delay	none	identifiable	False	False	False	False	False	3.0	0.849908885302033	developmental_delay;true_loss	13	retrospective_shifted_audit	E2	E2
P03_014	True	2	-0.344435426145647	0.2590048241933554	0.652704728348185	0.0	0.1156351736893444	0.1560187091692167	0.0335915144451426	0.2517215812908016	0.8555308741716214	0.8874913289734176	0.5758144725913596	0.0	True	False	developmental_delay	developmental_delay	none	identifiable	False	False	False	False	3.0	True	developmental_delay	developmental_delay	none	identifiable	False	False	False	False	False	2.0	0.7619885701141447	developmental_delay;true_loss	14	retrospective_shifted_audit	E1	E1
P03_015	True	10	-0.1800012211569155	0.2415096508905467	0.6966986988547761	0.1303158903164233	0.2151155482641844	0.0657849340029008	0.1253487611151657	0.2700918124796291	0.8974244799371663	0.8541650944821881	0.5700540834643879	0.0400508235692147	True	False	developmental_delay	developmental_delay	none	identifiable	False	False	False	False	3.0	True	developmental_delay	developmental_delay	none	identifiable	False	False	False	False	False	3.0	0.8522155460603923	developmental_delay;true_loss	15	retrospective_shifted_audit	E2	E2
P03_016	True	5	-0.2406377507553048	0.4639590207652359	0.78720438879174	0.1008372483382988	0.137545161514839	0.1038876410044409	0.0999336546954698	0.0988241065746806	0.9000193737741551	0.7330961319347253	0.7465277845285427	0.1733948989045322	True	False	developmental_delay	developmental_delay	none	identifiable	False	False	False	False	3.0	True	developmental_delay	developmental_delay	none	identifiable	False	False	False	False	False	3.0	0.8372504532175444	developmental_delay;true_loss	16	retrospective_shifted_audit	E2	E2
P04_001	False	3	-0.7893867350442889	0.0929145461396325	0.2830105201559193	0.0487015935616744	0.0023136070237144	0.0773928769752057	0.0	0.0944552321702635	0.8765572514093012	0.7022774151507896	0.6935579847974569	0.1945140806940053	True	False	true_loss	true_loss	none	identifiable	False	False	False	False	3.0	True	true_loss	true_loss	none	identifiable	False	False	False	False	False	3.0	0.7466380041890806	true_loss;suppression	1	development	E2	E2
P04_002	False	3	-0.705734299318963	-0.1153743324968209	0.1491480567599577	0.1205621780624338	0.0647436448596637	0.1281354517880425	0.2420275484245211	0.0206661939247537	0.778123946408569	0.7562509683706181	0.6897821555047177	0.2960597533804131	True	False	true_loss	true_loss	none	identifiable	False	False	False	False	3.0	True	true_loss	true_loss	none	identifiable	False	False	False	False	False	3.0	0.7127444212370411	true_loss;suppression	2	development	E2	E1
P04_003	False	5	-0.7460172491986405	0.0635809313746893	0.1101648689011198	0.075371934685392	0.1145236613684201	0.0616994017394799	0.0	0.0460717913523658	0.6539363361687168	0.8255761460524867	0.6903937296874099	0.2463376311028029	True	False	true_loss	true_loss	none	identifiable	False	False	False	False	3.0	True	true_loss	true_loss	none	identifiable	False	False	False	False	False	2.0	0.7708711696079108	true_loss;suppression	3	development	E2	E1
P04_004	False	10	-0.8915720257305921	0.0272405522543593	0.0852818074870443	0.0443031118030962	0.0607674920663417	0.0332105212708692	0.0486847387204164	0.0351003308909698	0.8268271288931613	0.679108497682154	0.910946456512037	0.1258985309969441	True	False	true_loss	true_loss	none	identifiable	False	False	False	False	3.0	True	true_loss	true_loss	none	identifiable	False	False	False	False	False	3.0	0.8512697955738082	true_loss;suppression	4	development	E2	E2
P04_005	False	10	-0.967866726729591	0.0534130284279732	0.2113388672136208	0.0419950876291594	0.0266183543687064	0.0333212851083001	0.0220164777018542	0.0	0.724573849003548	0.7831952540692705	0.7593327366220558	0.1541701656792164	True	False	true_loss	true_loss	none	identifiable	False	False	False	False	3.0	True	true_loss	true_loss	none	identifiable	False	False	False	False	False	2.0	0.8115692887632736	true_loss;suppression	5	development	E2	E1
P04_006	False	10	-0.9242978007702134	0.0407220912479536	0.2107282250240661	0.1712587112141078	0.0848938491346485	0.0684887456767428	0.1661807916358369	0.034290844979117	0.876168845376282	0.776263148393189	0.6884649274062046	0.1852360583801883	True	False	true_loss	true_loss	none	identifiable	False	False	False	False	3.0	True	true_loss	true_loss	none	identifiable	False	False	False	False	False	3.0	0.8261789263741487	true_loss;suppression	6	development	E2	E2
P04_007	False	5	-0.8463463781421323	0.0898757158221706	0.1163606865341955	0.0025483179047445	0.157879011191748	0.1544311263755608	0.2065288550130578	0.0302834898895146	0.8425404493884766	0.8769344511744627	0.7522544282871132	0.1719285407510307	True	False	true_loss	true_loss	none	identifiable	False	False	False	False	3.0	True	true_loss	true_loss	none	identifiable	False	False	False	False	False	3.0	0.8536617755953435	true_loss;suppression	7	development	E2	E2
P04_008	False	5	-0.7359492742182207	-0.1704674303045414	0.2176258851544986	0.0317310103282834	0.0962702399471032	0.0323289740555219	0.1187314394377035	0.0	0.871743924206384	0.8687829447358735	0.8723292219174097	0.27832426500941	True	False	true_loss	true_loss	none	identifiable	False	False	False	False	3.0	True	true_loss	true_loss	none	identifiable	False	False	False	False	False	3.0	0.8617761221383068	true_loss;suppression	8	development	E2	E2
P04_009	False	3	-0.8356827042003	0.0360092440894863	0.2150864671784222	0.0628408597775317	0.1736001393935874	0.0799079409921027	0.0609084161475757	0.0206952164693823	0.8587347606709439	0.8090925372761332	0.7763413166582196	0.1688376461797259	True	False	true_loss	true_loss	none	identifiable	False	False	False	False	3.0	True	true_loss	true_loss	none	identifiable	False	False	False	False	False	3.0	0.7854155841119519	true_loss;suppression	9	tuning	E2	E2
P04_010	False	3	-0.8063562917900183	-0.0473783449471492	0.1927047666448884	0.0	0.2072961246315446	0.1343736517054767	0.1018377873000449	0.0585145382566833	0.948590472442175	0.8199601397596691	0.8464094669130179	0.2035341183210713	True	False	true_loss	true_loss	none	identifiable	False	False	False	False	3.0	True	true_loss	true_loss	none	identifiable	False	False	False	False	False	3.0	0.8162288110564451	true_loss;suppression	10	tuning	E2	E2
P04_011	False	3	-0.8231995790229889	0.0680504640107021	0.055950804775116	0.0088719654727584	0.0884300774600015	0.0	0.0889790089493012	0.0024785134386961	0.9067158797172712	0.7758713860167996	0.7815938654721041	0.1037472975837133	True	False	true_loss	true_loss	none	identifiable	False	False	False	False	3.0	True	true_loss	true_loss	none	identifiable	False	False	False	False	False	3.0	0.8043554019131832	true_loss;suppression	11	tuning	E2	E2
P04_012	False	5	-0.8080679598690321	0.0739361462502389	0.1553722877743149	0.2305218544596601	0.0201615246088497	0.1561008574568629	0.0	0.1078851320075277	0.8461729199028226	0.8542582602499318	0.8902189311319565	0.1417592617550734	True	False	true_loss	true_loss	none	identifiable	False	False	False	False	3.0	True	true_loss	true_loss	none	identifiable	False	False	False	False	False	3.0	0.8836250867020404	true_loss;suppression	12	tuning	E2	E2
P04_013	True	3	-0.9163393499139362	0.0207774678457772	0.0	0.2592222808885864	0.0625174276357005	0.0024663051368931	0.234674244947206	0.0	0.9348718217882036	0.7308173558196241	0.5936720717169774	0.0201142221477941	True	False	true_loss	true_loss	none	identifiable	False	False	False	False	3.0	True	true_loss	true_loss	none	identifiable	False	False	False	False	False	3.0	0.7812442783069303	true_loss;suppression	13	retrospective_shifted_audit	E2	E2
P04_014	True	10	-1.002688707781908	0.0619581564834031	0.3342311965115117	0.1735072185664987	0.1994721888998292	0.0	0.0	0.0	0.970089155890024	0.7198135044011013	0.7154309224098345	0.0443595528176024	True	False	true_loss	true_loss	none	identifiable	False	False	False	False	3.0	True	true_loss	true_loss	none	identifiable	False	False	False	False	False	3.0	0.8709983722122725	true_loss;suppression	14	retrospective_shifted_audit	E2	E2
P04_015	True	2	-0.8690521194670413	0.0184697031503594	0.1471569460129332	0.0	0.4596987356522391	0.1245828807247402	0.0	0.2226145249853827	0.7521066503692592	0.7852311156584273	0.5905891132828239	0.1684886255108886	True	False	true_loss	true_loss	none	identifiable	False	False	False	False	3.0	True	true_loss	true_loss	none	identifiable	False	False	False	False	False	2.0	0.6859719167746947	true_loss;suppression	15	retrospective_shifted_audit	E1	E1
P04_016	True	10	-0.8801576273438566	0.0575393813529465	0.1443611026405779	0.0748155667832137	0.0	0.0290343568719013	0.0978364848320909	0.2392164367797346	0.7082044003997771	0.9536374453161968	1.0	0.1907681265481144	True	False	true_loss	true_loss	none	identifiable	False	False	False	False	3.0	True	true_loss	true_loss	none	identifiable	False	False	False	False	False	2.0	0.882542919849563	true_loss;suppression	16	retrospective_shifted_audit	E2	E1
P05_001	False	5	-0.6886675788599637	0.0379702484207218	0.2985567246087535	0.8220989116828136	0.0	0.181778485304989	0.1104269751375986	0.0	0.8397738899563325	0.755251370061986	0.7236907973521138	0.1361934461486807	True	False	fate_redirection	fate_redirection	none	identifiable	False	False	False	False	3.0	True	fate_redirection	fate_redirection	none	identifiable	False	False	False	False	False	3.0	0.8300954778426037	fate_redirection;true_loss	1	development	E2	E2
P05_002	False	5	-0.6436123331668877	0.1639653635435384	0.2713272441716591	0.6412306260701681	0.1005441035567485	0.1359843718044875	0.1054335128308497	0.0776512128674348	0.8991569784332354	0.7306559603452232	0.7911387918496295	0.2387721372858875	True	False	fate_redirection	fate_redirection	none	identifiable	False	False	False	False	3.0	True	fate_redirection	fate_redirection	none	identifiable	False	False	False	False	False	3.0	0.8324021978057696	fate_redirection;true_loss	2	development	E2	E2
P05_003	False	10	-0.6302094744231328	-0.0157673840816241	0.2163678522450565	0.7066019112404225	0.0779212854974627	0.1373967173391281	0.0679150240180777	0.0680110785385544	0.9052440776892312	0.7448435791941618	0.6225869293068038	0.1160341202563625	True	False	fate_redirection	fate_redirection	none	identifiable	False	False	False	False	3.0	True	fate_redirection	fate_redirection	none	identifiable	False	False	False	False	False	3.0	0.8275378562943361	fate_redirection;true_loss	3	development	E2	E2
P05_004	False	10	-0.7105767184626357	0.1629609679358851	0.1810900877817803	0.5885939143847085	0.0770568538525766	0.153262322528995	0.0	0.0593108385971118	0.8489370810664463	0.6948039489521834	0.7575053217387208	0.1689209954749533	True	False	fate_redirection	fate_redirection	none	identifiable	False	False	False	False	3.0	True	fate_redirection	fate_redirection	none	identifiable	False	False	False	False	False	3.0	0.8204225544991373	fate_redirection;true_loss	4	development	E2	E2
P05_005	False	3	-0.6593508090738878	0.0473696195591699	0.2566667639565919	0.741177110921659	0.0670974733049643	0.1454941555206018	0.1557868438299285	0.0781801472932842	0.7677042167759932	0.87161899418411	0.8044488315516126	0.1550277378035703	True	False	fate_redirection	fate_redirection	none	identifiable	False	False	False	False	3.0	True	fate_redirection	fate_redirection	none	identifiable	False	False	False	False	False	3.0	0.7844570296126689	fate_redirection;true_loss	5	development	E2	E1
P05_006	False	10	-0.6310481956825179	0.2040864040061167	0.2693280124974546	0.7361557223806685	0.1341317011839432	0.0669181945520439	0.1670120228334935	0.0	0.9712539692650975	0.6628743051046782	0.8524041325336248	0.2214557508340855	True	False	fate_redirection	fate_redirection	none	identifiable	False	False	False	False	3.0	True	fate_redirection	fate_redirection	none	identifiable	False	False	False	False	False	3.0	0.851865489984467	fate_redirection;true_loss	6	development	E2	E2
P05_007	False	3	-0.5782832576957452	0.114415391794656	0.3588846347607689	0.6604628372037246	0.0416391588374795	0.0959401290269	0.1010487393422285	0.0020095312807993	0.9396082692921556	0.8242927002521693	0.7522043216882436	0.2590398449596158	True	False	fate_redirection	fate_redirection	none	identifiable	False	False	False	False	3.0	True	fate_redirection	fate_redirection	none	identifiable	False	False	False	False	False	3.0	0.7849974200262767	fate_redirection;true_loss	7	development	E2	E2
P05_008	False	5	-0.703477115043171	0.1519466912160599	0.3303536436833734	0.6729378510361858	0.0547685758344978	0.0457944968352921	0.0	0.0829463273137176	0.7496871780633062	1.0	0.8338655042414083	0.2011283621995273	True	False	fate_redirection	fate_redirection	none	identifiable	False	False	False	False	3.0	True	fate_redirection	fate_redirection	none	identifiable	False	False	False	False	False	2.0	0.8664723511435698	fate_redirection;true_loss	8	development	E2	E1
P05_009	False	10	-0.4982316445329824	0.1026620257430072	0.1975051360829668	0.8252179487902063	0.0350562909693162	0.1769166452399061	0.1637304203604655	0.0	0.8494144908372325	0.8569498030859545	0.7386991880644674	0.3321332091074701	True	False	fate_redirection	fate_redirection	none	identifiable	False	False	False	False	3.0	True	fate_redirection	fate_redirection	none	identifiable	False	False	False	False	False	3.0	0.8165626342095262	fate_redirection;true_loss	9	tuning	E2	E2
P05_010	False	5	-0.5379916569583624	-0.0061131830551375	0.2816947482348534	0.6245460000325286	0.0157155547807011	0.0828609191150109	0.2143891716592683	0.0	0.8705314272051271	0.8797131495313958	0.7213727690320418	0.1787517936843343	True	False	fate_redirection	fate_redirection	none	identifiable	False	False	False	False	3.0	True	fate_redirection	fate_redirection	none	identifiable	False	False	False	False	False	3.0	0.8533943675050513	fate_redirection;true_loss	10	tuning	E2	E2
P05_011	False	10	-0.4191865918234461	0.08663542196415	0.1677115476632419	0.7054205438823795	0.0	0.1991754395561265	0.0480305213746118	0.0	0.9553979292365656	0.87858135397259	0.7618054993102481	0.1819177293550118	True	False	fate_redirection	fate_redirection	none	identifiable	False	False	False	False	3.0	True	fate_redirection	fate_redirection	none	identifiable	False	False	False	False	False	3.0	0.880989327802341	fate_redirection;true_loss	11	tuning	E2	E2
P05_012	False	10	-0.600773856622906	0.0714871133080824	0.252104367768753	0.6987246461279566	0.0811143925496048	0.0594026628031569	0.1391342699529063	0.0305004301165426	0.8647924795729608	0.9381870820305604	0.7193310345701756	0.2488457503098387	True	False	fate_redirection	fate_redirection	none	identifiable	False	False	False	False	3.0	True	fate_redirection	fate_redirection	none	identifiable	False	False	False	False	False	3.0	0.8492846683556902	fate_redirection;true_loss	12	tuning	E2	E2
P05_013	True	2	-0.6349960980402374	0.1439681473963771	0.2132897861170654	0.621935547532981	0.0616793905119711	0.1051351461778435	0.1507211290015636	0.0	0.931954317115564	0.5817784339153277	0.6572855614754582	0.0	True	False	fate_redirection	fate_redirection	none	identifiable	False	False	False	False	3.0	True	fate_redirection	fate_redirection	none	identifiable	False	False	False	False	False	2.0	0.7354818351858925	fate_redirection;true_loss	13	retrospective_shifted_audit	E1	E1
P05_014	True	5	-0.4857807258463881	-0.0040274817353436	0.3045738174939123	0.6293140051833878	0.0	0.1224146981723181	0.19638022922696	0.0	0.8144913637240582	0.6619813021526852	0.8965884248283345	0.0791311489031231	True	False	fate_redirection	fate_redirection	none	identifiable	False	False	False	False	3.0	True	fate_redirection	fate_redirection	none	identifiable	False	False	False	False	False	3.0	0.8513656429093533	fate_redirection;true_loss	14	retrospective_shifted_audit	E2	E2
P05_015	True	10	-0.7116235537434917	0.121067264668015	0.2808850602356091	0.7043079223051573	0.0653856848859535	0.1134634378236936	0.0	0.1421404640030676	0.7857621828650861	0.9150860781287332	0.6839132195397951	0.1219938030953648	True	False	fate_redirection	fate_redirection	none	identifiable	False	False	False	False	3.0	True	fate_redirection	fate_redirection	none	identifiable	False	False	False	False	False	3.0	0.8439840228022535	fate_redirection;true_loss	15	retrospective_shifted_audit	E2	E1
P05_016	True	5	-0.5212013979404484	0.1871868583186512	0.2778863091240907	0.5082237500533042	0.0	0.2518088836228054	0.0	0.1215254069075013	0.9055108134449272	0.9007054502811668	0.8197776113406605	0.2634533380314516	True	False	fate_redirection	fate_redirection	none	identifiable	False	False	False	False	3.0	True	true_loss	true_loss	none	identifiable	False	False	False	False	False	3.0	0.8687285399448577	true_loss;suppression	16	retrospective_shifted_audit	E2	E2
P06_001	False	5	0.22741786779626	0.014923664428297	0.6113994048197632	0.1564038564199376	0.8453343777577774	0.1579086552075038	0.0665148049605159	0.0914210894971922	0.675236016776051	0.4253202834346055	0.1813170764658152	0.1522292272503566	False	True	composition_artifact	not_assigned	composition	identifiable	False	False	False	False	1.0	False	composition_artifact	not_assigned	composition	identifiable	False	False	False	False	True	1.0	0.6129382705562652	composition_artifact;not_identifiable	1	development	E0	E0
P06_002	False	2	0.569990767757214	0.0928734930513552	0.4827112918268605	0.1518820989990306	0.903367176224798	0.0464740696743602	0.0653672664479884	0.1689614960093323	0.4276888793028024	0.2749026478274459	0.2826556068805754	0.2553470287952587	False	True	composition_artifact	not_assigned	composition	identifiable	False	False	False	False	1.0	False	not_identifiable	not_assigned	none	not_identifiable	False	False	False	False	False	1.0	0.4270875762152251	not_identifiable	2	development	E0	E0
P06_003	False	5	0.4109857226345545	0.0094857477705847	0.4692348570837948	0.0086165724311161	0.897944073490179	0.0	0.1193754374808195	0.1951604915268425	0.5412567760453759	0.3376330761459094	0.2155109566215894	0.138725070319848	False	True	composition_artifact	not_assigned	composition	identifiable	False	False	False	False	1.0	False	not_identifiable	not_assigned	none	not_identifiable	False	False	False	False	False	1.0	0.5727854187404204	not_identifiable	3	development	E0	E0
P06_004	False	5	0.4832301908441911	-0.0803723946908589	0.5093959097609149	0.0730569861096416	0.9032738692191165	0.0317492809777818	0.1162532710696773	0.0340299074794553	0.4096670020780207	0.3604697706032899	0.1505449910716307	0.1650202108599424	False	True	composition_artifact	not_assigned	composition	identifiable	False	False	False	False	1.0	False	not_identifiable	not_assigned	none	not_identifiable	False	False	False	False	False	1.0	0.5275189906617207	not_identifiable	4	development	E0	E0
P06_005	False	5	0.4491752209484335	0.0186318273915235	0.456093811074692	0.0606590342763198	0.9407863612967372	0.1940067075710279	0.1683714997532351	0.003887228427846	0.4773121737160596	0.3912748439382362	0.2782674906332165	0.2553922281609122	False	True	composition_artifact	not_assigned	composition	identifiable	False	False	False	False	1.0	False	not_identifiable	not_assigned	none	not_identifiable	False	False	False	False	False	1.0	0.5573849429739625	not_identifiable	5	development	E0	E0
P06_006	False	5	0.5176943810765468	0.0375977247554688	0.3798932953662278	0.0125368309242992	0.980930895670164	0.0904598704991166	0.1090497991126225	0.050452911240069	0.564979805550679	0.4157292023528404	0.2661849678498242	0.1851506813823559	False	True	composition_artifact	not_assigned	composition	identifiable	False	False	False	False	1.0	False	composition_artifact	not_assigned	composition	identifiable	False	False	False	False	True	1.0	0.5949478510962247	composition_artifact;not_identifiable	6	development	E0	E0
P06_007	False	10	0.5018302498941821	0.1012604253414411	0.4327842531743674	0.1262865496471298	0.8202042157805264	0.1580431847077196	0.0	0.084347624709615	0.4674136030263868	0.4607562453668817	0.2613580308878846	0.1030177130428332	False	True	composition_artifact	not_assigned	composition	identifiable	False	False	False	False	1.0	False	composition_artifact	not_assigned	composition	identifiable	False	False	False	False	True	1.0	0.5959985773687195	composition_artifact;not_identifiable	7	development	E0	E0
P06_008	False	3	0.455274737042444	0.1066527777288085	0.3851454096723102	0.0985837762556282	0.7704000484272449	0.1450835646024142	0.0516021100047111	0.1846187404103784	0.6381007998472213	0.4473098837668076	0.1833422994894947	0.1229720345313284	False	True	composition_artifact	not_assigned	composition	identifiable	False	False	False	False	1.0	False	not_identifiable	not_assigned	none	not_identifiable	False	False	False	False	False	1.0	0.550680221708328	not_identifiable	8	development	E0	E0
P06_009	False	10	0.4919162362467994	-0.0143579031972212	0.5100706168913897	0.1629835798910866	0.8803038417326797	0.1558504177426224	0.0593043912815901	0.0716822816078884	0.6126425266070681	0.3484010953846875	0.1664737989435803	0.1712600835649256	False	True	composition_artifact	not_assigned	composition	identifiable	False	False	False	False	1.0	False	not_identifiable	not_assigned	none	not_identifiable	False	False	False	False	False	1.0	0.5757571685383648	not_identifiable	9	tuning	E0	E0
P06_010	False	3	0.5127074546991177	0.0578789739649687	0.4048877751615621	0.1932540659082477	0.8590919136118761	0.1102227928216833	0.0	0.1199054101728173	0.4954911235237816	0.3418788662816259	0.4139216090522667	0.1623154293701389	False	True	composition_artifact	not_assigned	composition	identifiable	False	False	False	False	1.0	False	not_identifiable	not_assigned	none	not_identifiable	False	False	False	False	False	1.0	0.5336148788384583	not_identifiable	10	tuning	E0	E0
P06_011	False	5	0.4618708031458758	0.0195820751022708	0.4714566746262022	0.0429508365274226	0.926912460145963	0.25607679303467	0.0	0.0949625549410367	0.3847798314177501	0.3701512103216902	0.2790087424271962	0.1346235341264625	False	True	composition_artifact	not_assigned	composition	identifiable	False	False	False	False	1.0	False	not_identifiable	not_assigned	none	not_identifiable	False	False	False	False	False	1.0	0.5552544432647448	not_identifiable	11	tuning	E0	E0
P06_012	False	10	0.5309017111704322	-0.0795894707587744	0.5036019926527553	0.1158889158425943	0.8649126658083138	0.0	0.0069771161192683	0.1066186537937773	0.5203192175963741	0.4373422071002045	0.3754963343675095	0.0316799595998592	False	True	composition_artifact	not_assigned	composition	identifiable	False	False	False	False	1.0	False	composition_artifact	not_assigned	composition	identifiable	False	False	False	False	True	1.0	0.6411083285967007	composition_artifact;not_identifiable	12	tuning	E0	E0
P06_013	True	2	0.4441407756715195	0.2885157011569361	0.455519595732976	0.0822100376279806	1.0	0.0	0.0796026725441497	0.044275896976964	0.3228518562185948	0.2480151914910982	0.4160310933491925	0.1442465389990899	False	True	composition_artifact	not_assigned	composition	identifiable	False	False	False	False	1.0	False	not_identifiable	not_assigned	none	not_identifiable	False	False	False	False	False	1.0	0.4454443946607029	not_identifiable	13	retrospective_shifted_audit	E0	E0
P06_014	True	5	0.4174669042993483	0.1225133342151801	0.6016309345632274	0.1464686776298232	0.8035093048404105	0.1538702684332265	0.0841729973512552	0.0136906277158873	0.5257217895047797	0.5104042937890755	0.2231130819486639	0.0	False	True	composition_artifact	not_assigned	composition	identifiable	False	False	False	False	1.0	False	composition_artifact	not_assigned	composition	identifiable	False	False	False	False	True	1.0	0.6328767046286949	composition_artifact;not_identifiable	14	retrospective_shifted_audit	E0	E0
P06_015	True	5	0.4160200673190156	0.0760801326049356	0.5732852003904955	0.0	0.8107861118275315	0.1256217729537173	0.2540046780221806	0.0046412431120281	0.4201854254761213	0.3992651182027959	0.0663611091967686	0.1795440436053372	False	True	composition_artifact	not_assigned	composition	identifiable	False	False	False	False	1.0	False	not_identifiable	not_assigned	none	not_identifiable	False	False	False	False	False	1.0	0.5180609388731146	not_identifiable	15	retrospective_shifted_audit	E0	E0
P06_016	True	3	0.3831814392055598	-0.0826253971853934	0.6724068809923149	0.0197189136754062	1.0	0.2775112209065742	0.142864329299182	0.0	0.2198775969988786	0.4130527658832666	0.0	0.1063460607344741	False	True	composition_artifact	not_assigned	composition	identifiable	False	False	False	False	1.0	False	not_identifiable	not_assigned	none	not_identifiable	False	False	False	False	False	1.0	0.4101119643094894	not_identifiable	16	retrospective_shifted_audit	E0	E0
P07_001	False	3	0.4326189624230278	0.182104786602481	0.4019534711230901	0.1424001852946739	0.0118154698002249	0.878337299936649	0.0	0.0	0.8842040214968407	0.4514808914353549	0.1596270398507237	0.234313470782094	True	True	stress_dominated	not_assigned	stress	identifiable	False	False	False	False	2.0	True	stress_dominated	not_assigned	stress	identifiable	False	False	False	False	True	3.0	0.5835678572600387	stress_dominated;composition_artifact	1	development	E0	E0
P07_002	False	10	0.4236731991350102	0.018366520639002	0.440424785191227	0.104924086557755	0.1437185491799969	0.9294000848598316	0.0	0.0819953973197298	0.8522388712193334	0.3400859748532081	0.3379005759979911	0.1251267536995665	True	True	stress_dominated	not_assigned	stress	identifiable	False	False	False	False	2.0	True	stress_dominated	not_assigned	stress	identifiable	False	False	False	False	True	3.0	0.6751092885229665	stress_dominated;composition_artifact	2	development	E0	E0
P07_003	False	10	0.4811539579896612	-0.0395324186686295	0.4456153716264381	0.0247639247494482	0.2406867766783461	0.7908966716488077	0.1980804141354434	0.024454107703595	0.9457007200072814	0.4854548158783047	0.1591697329822526	0.0590835089289771	True	True	stress_dominated	not_assigned	stress	identifiable	False	False	False	False	2.0	True	stress_dominated	not_assigned	stress	identifiable	False	False	False	False	True	3.0	0.7040763807880636	stress_dominated;composition_artifact	3	development	E0	E0
P07_004	False	2	0.4759572738900682	0.063079040949672	0.3173193165874942	0.1830520317959165	0.0920492013068124	0.8490176592687848	0.114915400391379	0.0	0.9806316240359776	0.32986877481694	0.279100200069875	0.1715783616455872	True	True	stress_dominated	not_assigned	stress	identifiable	False	False	False	False	2.0	True	stress_dominated	not_assigned	stress	identifiable	False	False	False	False	True	2.0	0.5868297124168802	stress_dominated;composition_artifact	4	development	E0	E0
P07_005	False	5	0.5051872796223774	0.0325720250860789	0.4554905464843802	0.0743687379582327	0.0450713277548565	0.8456075850166846	0.0506178313610485	0.0	0.7247390450467036	0.38885762929931	0.2739536948405744	0.1485296456055674	True	True	stress_dominated	not_assigned	stress	identifiable	False	False	False	False	2.0	True	stress_dominated	not_assigned	stress	identifiable	False	False	False	False	True	2.0	0.6367937065180722	stress_dominated;composition_artifact	5	development	E0	E0
P07_006	False	10	0.5854170369342552	0.0525350769778072	0.4975559838655694	0.1687231407793962	0.0623956523445657	0.8855042836032871	0.0	0.0228629340007735	0.957541042832523	0.4121913629116198	0.1681964273805416	0.1732124300204637	True	True	stress_dominated	not_assigned	stress	identifiable	False	False	False	False	2.0	True	stress_dominated	not_assigned	stress	identifiable	False	False	False	False	True	3.0	0.671244922334145	stress_dominated;composition_artifact	6	development	E0	E0
P07_007	False	3	0.5223276377505643	0.0328793316037285	0.4642548568575614	0.1499692273646073	0.1211338849699708	0.8812788352652136	0.0	0.0	0.8366792855418438	0.269002969535621	0.2939507428329566	0.2470875869572074	True	True	stress_dominated	not_assigned	stress	identifiable	False	False	False	False	2.0	False	not_identifiable	not_assigned	none	not_identifiable	False	False	False	False	False	1.0	0.5599762536123166	not_identifiable	7	development	E0	E0
P07_008	False	10	0.5255415367038277	0.0532501397561723	0.4820824362960322	0.0946167462458605	0.1416377175981323	0.870161988665606	0.0794779743801701	0.0152941812748462	0.7708873751359485	0.3043474746468297	0.1902679417289843	0.2577137563758847	True	True	stress_dominated	not_assigned	stress	identifiable	False	False	False	False	2.0	True	stress_dominated	not_assigned	stress	identifiable	False	False	False	False	True	3.0	0.5923933020326135	stress_dominated;composition_artifact	8	development	E0	E0
P07_009	False	2	0.5135787378678383	-0.0122613545729681	0.4311224103315802	0.0879714265417948	0.0853399236851474	0.9707902300270708	0.0	0.057643183845501	0.7453819393915251	0.418212642977058	0.1718789256750076	0.3670719077418297	True	True	stress_dominated	not_assigned	stress	identifiable	False	False	False	False	2.0	False	not_identifiable	not_assigned	none	not_identifiable	False	False	False	False	False	1.0	0.4874955976360132	not_identifiable	9	tuning	E0	E0
P07_010	False	10	0.4033744938986904	0.0917267853933422	0.4439186264971678	0.1034557075978664	0.0429898207941248	0.9506374296568708	0.0621438112959572	0.0336488014125357	0.8560701897993571	0.367246608755396	0.2403217209289537	0.1630850720858425	True	True	stress_dominated	not_assigned	stress	identifiable	False	False	False	False	2.0	True	stress_dominated	not_assigned	stress	identifiable	False	False	False	False	True	3.0	0.6543534970715471	stress_dominated;composition_artifact	10	tuning	E0	E0
P07_011	False	3	0.4968614976619379	-0.0151337745895028	0.5048271020049236	0.1793519741110267	0.1731533871062276	0.9638405866467434	0.1361892268679493	0.0033936821963714	0.8124224490387784	0.3229839154246238	0.3478591563299684	0.335351617571494	True	True	stress_dominated	not_assigned	stress	identifiable	False	False	False	False	2.0	False	not_identifiable	not_assigned	none	not_identifiable	False	False	False	False	False	1.0	0.5580796786059264	not_identifiable	11	tuning	E0	E0
P07_012	False	3	0.423677568688182	0.100764934833425	0.4138380121600811	0.0113415814171575	0.1676102999233961	0.8512680951631236	0.0990698203101933	0.2086799638950051	0.7648933314710447	0.2801037998194459	0.1763458626161559	0.2367881934892196	True	True	stress_dominated	not_assigned	stress	identifiable	False	False	False	False	2.0	False	not_identifiable	not_assigned	none	not_identifiable	False	False	False	False	False	1.0	0.5235066933423272	not_identifiable	12	tuning	E0	E0
P07_013	True	10	0.5026958670710775	0.2213444230354872	0.6624918533549027	0.0	0.1384722348381191	0.6339816152984837	0.0287932620819174	0.0	0.8320298309546856	0.4384875662295117	0.2196215635472761	0.1595050460731992	True	True	stress_dominated	not_assigned	stress	identifiable	False	False	False	False	2.0	True	stress_dominated	not_assigned	stress	identifiable	False	False	False	False	True	3.0	0.6594079761698423	stress_dominated;composition_artifact	13	retrospective_shifted_audit	E0	E0
P07_014	True	3	0.382619310517816	-0.0578108329462579	0.3847352199820849	0.0611978741776278	0.0	0.9008248185955784	0.1000050705814507	0.0	1.0	0.3258607687788974	0.1767364212435225	0.2209459113033158	True	True	stress_dominated	not_assigned	stress	identifiable	False	False	False	False	2.0	True	stress_dominated	not_assigned	stress	identifiable	False	False	False	False	True	3.0	0.5923302557438208	stress_dominated;composition_artifact	14	retrospective_shifted_audit	E0	E0
P07_015	True	5	0.4505362619524583	0.2306210978978634	0.3709015067194176	0.0536997675271315	0.0	0.8978093995674581	0.2857143380124159	0.0	0.9520796111307516	0.4438479596159511	0.2914172824106671	0.0861969913370915	True	True	stress_dominated	not_assigned	stress	identifiable	False	False	False	False	2.0	True	stress_dominated	not_assigned	stress	identifiable	False	False	False	False	True	3.0	0.7183127568092857	stress_dominated;composition_artifact	15	retrospective_shifted_audit	E0	E0
P07_016	True	3	0.6926631080382544	0.0365190676756875	0.5429837870410241	0.0058815680492312	0.306020903178924	0.8768102971531195	0.1153264389860515	0.2140484320357537	0.9407629975668176	0.116459670943765	0.1828602527565135	0.1843791930705225	True	True	stress_dominated	not_assigned	stress	identifiable	False	False	False	False	2.0	False	not_identifiable	not_assigned	none	not_identifiable	False	False	False	False	False	1.0	0.5447712655419874	not_identifiable	16	retrospective_shifted_audit	E0	E0
P08_001	False	5	-0.0187885043418442	-0.0613629259394484	0.4136272426146049	0.054966656234992	0.318268112078548	0.2578257600202174	0.0	0.0543315896669448	0.4064391813311765	0.7400803009387739	0.7960843859386865	0.6433510198012347	False	False	not_identifiable	not_assigned	none	not_identifiable	False	False	False	False	1.0	False	not_identifiable	not_assigned	none	not_identifiable	False	False	False	False	False	1.0	0.6361081369347276	not_identifiable	1	development	E0	E0
P08_002	False	5	0.0333507961336719	0.0495104531878679	0.512992535114505	0.0	0.327402959250843	0.2722974316627023	0.0	0.023246528633165	0.603741272119402	0.8169518220769503	0.7689460611255766	0.7547138101268848	False	False	not_identifiable	not_assigned	none	not_identifiable	False	False	False	False	1.0	False	not_identifiable	not_assigned	none	not_identifiable	False	False	False	False	False	1.0	0.6711347199237849	not_identifiable	2	development	E0	E0
P08_003	False	3	0.0901246167994556	0.1272914407623998	0.5378414268150793	0.0909638731430165	0.3765167981225093	0.2619014592707113	0.1834416643107013	0.0	0.5980594542904668	0.7503263569900426	0.8118808700426166	0.6152270162114986	False	False	not_identifiable	not_assigned	none	not_identifiable	False	False	False	False	1.0	False	not_identifiable	not_assigned	none	not_identifiable	False	False	False	False	False	1.0	0.6289303111939442	not_identifiable	3	development	E0	E0
P08_004	False	5	-0.0031167468008811	0.0280389148312859	0.3632547506438386	0.1152827385734939	0.3014703459665612	0.2677303464554268	0.0303391207187654	0.1452989951295714	0.5118658574960534	0.7831750501600817	0.6832358639281598	0.739348664948864	False	False	not_identifiable	not_assigned	none	not_identifiable	False	False	False	False	1.0	False	not_identifiable	not_assigned	none	not_identifiable	False	False	False	False	False	1.0	0.6282602556269283	not_identifiable	4	development	E0	E0
P08_005	False	5	0.0740108568012155	-0.0689880642059536	0.4895152424174461	0.1906758493376741	0.3160268934507991	0.1666574041022698	0.0	0.0590331725162355	0.533302332071263	0.8560196936675506	0.801631682760263	0.6970968706951977	False	False	not_identifiable	not_assigned	none	not_identifiable	False	False	False	False	1.0	False	not_identifiable	not_assigned	none	not_identifiable	False	False	False	False	False	1.0	0.6801034608436264	not_identifiable	5	development	E0	E0
P08_006	False	5	-0.0282112700240051	0.0863159207643914	0.3842020816061023	0.0444084574038171	0.2040289171377715	0.3837293839998559	0.1096611042992822	0.0705559058547211	0.5647523172749187	0.6412478474036645	0.706981422907202	0.7529105876521143	False	False	not_identifiable	not_assigned	none	not_identifiable	False	False	False	False	1.0	False	not_identifiable	not_assigned	none	not_identifiable	False	False	False	False	False	1.0	0.614604292677731	not_identifiable	6	development	E0	E0
P08_007	False	3	-0.0959781993109071	0.0579826740978895	0.5156193427904289	0.1615341826518514	0.3103043264303706	0.2918473261298145	0.1198632757102554	0.0	0.4099610483099136	0.8122811908114944	0.7210091184981001	0.7861439949439244	False	False	not_identifiable	not_assigned	none	not_identifiable	False	False	False	False	1.0	False	not_identifiable	not_assigned	none	not_identifiable	False	False	False	False	False	1.0	0.5438199144675133	not_identifiable	7	development	E0	E0
P08_008	False	3	-0.0439890141965622	-0.0031341427722333	0.5629831322734983	0.0944840889745386	0.3588262925084263	0.2568752586180682	0.055891476759366	0.0410315301047131	0.4905346578124464	0.8347954200146314	0.8055043722215227	0.8108883642231184	False	False	not_identifiable	not_assigned	none	not_identifiable	False	False	False	False	1.0	False	not_identifiable	not_assigned	none	not_identifiable	False	False	False	False	False	1.0	0.5796106034775943	not_identifiable	8	development	E0	E0
P08_009	False	2	0.0169635827680944	0.104241012485678	0.3865736537955059	0.1125778556615755	0.3824608817148749	0.3178019473036099	0.1616712764429323	0.0613560220136131	0.461749915207263	0.8175618956601347	0.7002119470961811	0.7649204739997254	False	False	not_identifiable	not_assigned	none	not_identifiable	False	False	False	False	1.0	False	not_identifiable	not_assigned	none	not_identifiable	False	False	False	False	False	1.0	0.5253906534010612	not_identifiable	9	tuning	E0	E0
P08_010	False	5	0.0115128785278296	0.0466585118964266	0.6205359786508324	0.1027265228373779	0.3684793302776746	0.2901185167084628	0.0	0.0482306802907184	0.6043152000903032	0.8869952310326288	0.7714355753695484	0.6608865654302616	False	False	not_identifiable	not_assigned	none	not_identifiable	False	False	False	False	1.0	False	not_identifiable	not_assigned	none	not_identifiable	False	False	False	False	False	1.0	0.7045444962160559	not_identifiable	10	tuning	E0	E0
P08_011	False	5	0.1696100965486329	-0.0020675378686221	0.407091240008192	0.0	0.3819535929360266	0.3201054269299886	0.0446033728552402	0.0	0.515132019404054	0.8654609400018809	0.5694850189714098	0.7769055175207307	False	False	not_identifiable	not_assigned	none	not_identifiable	False	False	False	False	1.0	False	not_identifiable	not_assigned	none	not_identifiable	False	False	False	False	False	1.0	0.6152397729474849	not_identifiable	11	tuning	E0	E0
P08_012	False	5	-0.0540119603701097	-0.0203899086902301	0.485205201666968	0.0182634580803179	0.2478992280868272	0.3451016049904593	0.0226926707238172	0.0	0.4766805961630091	0.8305939123066702	0.7269545522868294	0.796717719111356	False	False	not_identifiable	not_assigned	none	not_identifiable	False	False	False	False	1.0	False	not_identifiable	not_assigned	none	not_identifiable	False	False	False	False	False	1.0	0.626569492175551	not_identifiable	12	tuning	E0	E0
P08_013	True	5	0.0475467712053797	-0.0357517313580097	0.4069432606944063	0.0719890688737218	0.426591723750403	0.4670162453558816	0.0	0.2293739199030729	0.5838474825935833	0.6825727568088886	0.4856317371374998	0.3929609484720961	False	False	not_identifiable	not_assigned	none	not_identifiable	False	False	False	False	1.0	False	not_identifiable	not_assigned	none	not_identifiable	False	False	False	False	False	1.0	0.6551721049173185	not_identifiable	13	retrospective_shifted_audit	E0	E0
P08_014	True	3	0.1071154573993842	0.0344319384771843	0.4511438353678079	0.1647450624106048	0.2814808498115234	0.1679461131561782	0.0828313232011701	0.0213843169131775	0.557248780833798	0.7259765996130598	0.8256174395477239	0.7627234288423005	False	False	not_identifiable	not_assigned	none	not_identifiable	False	False	False	False	1.0	False	not_identifiable	not_assigned	none	not_identifiable	False	False	False	False	False	1.0	0.5875138294638081	not_identifiable	14	retrospective_shifted_audit	E0	E0
P08_015	True	3	-0.092446210300295	0.3821709324829468	0.4781065880304379	0.1867969689104	0.2967474605212872	0.3398917309594833	0.0	0.2108960216802504	0.4034665314885666	0.8617374111229505	0.6478080645481369	0.8202258937267406	False	False	not_identifiable	not_assigned	none	not_identifiable	False	False	False	False	1.0	False	not_identifiable	not_assigned	none	not_identifiable	False	False	False	False	False	1.0	0.5306958839461253	not_identifiable	15	retrospective_shifted_audit	E0	E0
P08_016	True	10	0.0623211208980072	-0.2017539973925403	0.5567288604236418	0.0183314068384254	0.6879582289102595	0.0222398731724839	0.0180472323498152	0.0	0.6461048659313576	0.8718372934684187	0.6788711300488148	0.5955966181745496	False	False	not_identifiable	not_assigned	none	not_identifiable	False	False	False	False	1.0	False	composition_artifact	not_assigned	composition	identifiable	False	False	False	False	True	1.0	0.7060875288920627	composition_artifact;not_identifiable	16	retrospective_shifted_audit	E0	E0
P09_001	False	2	0.6629499972871307	-0.0524676563719138	0.8332592882790076	0.0623236072031711	0.0441060209717672	0.0976992214171801	0.680580492686292	0.1657709090773024	0.8869106673651842	0.864626782282885	0.6886827637768993	0.2134024850116939	True	False	outcome_supported	activation	none	identifiable	True	False	False	False	3.5	True	outcome_supported	activation	none	identifiable	True	False	False	False	False	3.5	0.7448399723772622	outcome_supported;activation	1	development	E1	E1
P09_002	False	3	0.7612143210287691	0.1427098595143486	0.828598992782976	0.0142280534490565	0.0206607010714861	0.1164460395766926	0.853046726533562	0.0819247851478714	0.970538347480371	0.8216216692216928	0.6216153144075225	0.1335051864559249	True	False	outcome_supported	activation	none	identifiable	True	False	False	False	3.5	True	outcome_supported	activation	none	identifiable	True	False	False	False	False	3.5	0.7908755628299472	outcome_supported;activation	2	development	E2	E2
P09_003	False	2	0.7423278490807003	0.0097207017870897	0.9376330463623164	0.0696856509740995	0.0765366866560021	0.1528972705090376	0.7289796884084776	0.0063083137084844	0.8255150059944096	0.8725036041554868	0.7977645613685563	0.110227219339105	True	False	outcome_supported	activation	none	identifiable	True	False	False	False	3.5	True	outcome_supported	activation	none	identifiable	True	False	False	False	False	3.5	0.7741317906756461	outcome_supported;activation	3	development	E1	E1
P09_004	False	5	0.5863729641875457	0.0680646848855476	0.8061460415627665	0.1661242557097451	0.0	0.0796174828036511	0.6186618006669403	0.0995890690123983	0.7882672440221957	0.8142019201711455	0.6926144289810974	0.2221119760647413	True	False	outcome_supported	activation	none	identifiable	True	False	False	False	3.5	True	outcome_supported	activation	none	identifiable	True	False	False	False	False	3.5	0.8061250131828274	outcome_supported;activation	4	development	E2	E1
P09_005	False	5	0.6122627308252134	-0.1043789461929503	0.6694567755736641	0.1065372973967149	0.012707609273562	0.0	0.5928198277879823	0.0	0.8919732986067576	0.8138931797167323	0.65499702342562	0.1816388978372055	True	False	outcome_supported	activation	none	identifiable	True	False	False	False	3.5	True	outcome_supported	activation	none	identifiable	True	False	False	False	False	3.5	0.8315238527266513	outcome_supported;activation	5	development	E2	E2
P09_006	False	5	0.6711395623178484	0.0950222309352479	0.7927895062187077	0.1255297071940224	0.1236308545292535	0.0660558582876032	0.7435060529632501	0.2111959951479329	0.7841694017691581	0.8344295883298839	0.7974511939320631	0.3686976019325472	True	False	outcome_supported	activation	none	identifiable	True	False	False	False	3.5	True	outcome_supported	activation	none	identifiable	True	False	False	False	False	3.5	0.8008372924904781	outcome_supported;activation	6	development	E2	E1
P09_007	False	5	0.5187052424179144	-0.0273221068207193	0.6769539512622108	0.0659419180885362	0.2181346264057258	0.1744320269385806	0.640168587313279	0.0918924273562735	0.7815439824860835	0.7752369703405333	0.6136261899328623	0.1990969686996427	True	False	outcome_supported	activation	none	identifiable	True	False	False	False	3.5	True	outcome_supported	activation	none	identifiable	True	False	False	False	False	3.5	0.7855237941114106	outcome_supported;activation	7	development	E2	E1
P09_008	False	3	0.496869402253446	0.0413399363143742	0.912853550083978	0.2664645636175116	0.1580741560144071	0.0222974528588244	0.7537892659209127	0.0	0.9275188627676174	0.8082622070202613	0.6719487586740944	0.1436801894924568	True	False	outcome_supported	activation	none	identifiable	True	False	False	False	3.5	True	outcome_supported	activation	none	identifiable	True	False	False	False	False	3.5	0.7859106823046079	outcome_supported;activation	8	development	E2	E2
P09_009	False	5	0.7388636122968489	-0.0796949871202413	0.8268303647926245	0.0	0.0326075910650339	0.0	0.7294614715210785	0.0	0.8502608442788727	0.8496217832747364	0.6943606680008726	0.2961428065218718	True	False	outcome_supported	activation	none	identifiable	True	False	False	False	3.5	True	outcome_supported	activation	none	identifiable	True	False	False	False	False	3.5	0.8136305315776771	outcome_supported;activation	9	tuning	E2	E2
P09_010	False	5	0.591113634734246	0.0760633857134201	0.7306576743502553	0.0732295774033718	0.1583253671546452	0.0138543349829121	0.8349760265180478	0.1046557952225333	0.808987301599748	0.8468582481024162	0.7947868353216581	0.235413265782186	True	False	outcome_supported	activation	none	identifiable	True	False	False	False	3.5	True	outcome_supported	activation	none	identifiable	True	False	False	False	False	3.5	0.8354033159123171	outcome_supported;activation	10	tuning	E2	E2
P09_011	False	3	0.6312773984542538	-0.0090457243530388	0.8975360254309936	0.0296240134490006	0.1909098974109705	0.0843980469893123	0.765487071864915	0.0925639121676293	0.7414853770030826	0.8159458587987333	0.7567251961615216	0.1057946592863582	True	False	outcome_supported	activation	none	identifiable	True	False	False	False	3.5	True	outcome_supported	activation	none	identifiable	True	False	False	False	False	3.5	0.7673317696155192	outcome_supported;activation	11	tuning	E2	E1
P09_012	False	10	0.7461121907872941	0.0621650029560477	0.7023626399577346	0.1148285535088826	0.1204269394366774	0.1280436093075368	0.751076949022689	0.1264359913778931	0.7835173106884813	0.8553097946002473	0.9359821550318757	0.0655985938266557	True	False	outcome_supported	activation	none	identifiable	True	False	False	False	3.5	True	outcome_supported	activation	none	identifiable	True	False	False	False	False	3.5	0.893182825726329	outcome_supported;activation	12	tuning	E2	E1
P09_013	True	10	0.5877209268510605	-0.2189811319126583	0.7087060770295047	0.0450697844091711	0.1121946233836119	0.0	0.5547229548340816	0.0	0.6053623025967214	0.781173219581801	0.8035094810229658	0.2252703409692202	True	False	outcome_supported	activation	none	identifiable	True	False	False	False	3.5	True	activation	activation	none	identifiable	False	False	False	False	False	2.0	0.7771694245503225	activation;outcome_supported	13	retrospective_shifted_audit	E2	E1
P09_014	True	5	0.4231802847981769	0.1751501178946957	0.722943966665126	0.2757372666196982	0.2089249088127825	0.0	0.8279605419257252	0.1137769826071232	0.689164394576076	0.7000081291220486	0.9101002344011642	0.0608767508155942	True	False	outcome_supported	activation	none	identifiable	True	False	False	False	3.5	True	outcome_supported	activation	none	identifiable	True	False	False	False	False	3.5	0.835245777239782	outcome_supported;activation	14	retrospective_shifted_audit	E2	E1
P09_015	True	3	0.5287457704904801	0.0618096186546225	0.732759793159631	0.2067634640280544	0.1355173828654924	0.1527947223300498	0.8611900090485234	0.1258024484564227	0.9428360145032896	0.675005912670073	0.691529020341073	0.2138451863393846	True	False	outcome_supported	activation	none	identifiable	True	False	False	False	3.5	True	outcome_supported	activation	none	identifiable	True	False	False	False	False	3.5	0.7528185928151417	outcome_supported;activation	15	retrospective_shifted_audit	E2	E2
P09_016	True	5	0.5803746381296674	-0.1664117117640507	0.9518882669600872	0.1201018730914422	0.0413337372012529	0.0	0.7034869056779363	0.0239062881747915	0.9689991267703164	0.4993737369717057	0.8078380531669506	0.0497655045175345	True	False	outcome_supported	activation	none	identifiable	True	False	False	False	3.5	True	outcome_supported	activation	none	identifiable	True	False	False	False	False	3.5	0.8440490475491003	outcome_supported;activation	16	retrospective_shifted_audit	E2	E1
P10_001	False	5	-0.6025687886840647	0.0696655097053995	0.6600688871861187	0.1403852104294898	0.127058501332856	0.2465773215896794	0.2171183549059737	0.8104766747753946	0.8128436555936327	0.8524570275324619	0.831883599211002	0.1809770036764008	True	False	reversal_supported	suppression	none	identifiable	False	True	False	False	3.5	True	reversal_supported	suppression	none	identifiable	False	True	False	False	False	3.5	0.8557552019558844	reversal_supported;suppression	1	development	E2	E2
P10_002	False	10	-0.5583454041551372	0.0198163502381618	0.6349702683468301	0.0	0.1426357370777565	0.0	0.2032794359137268	0.7941763215641034	0.7774157332328864	0.8802460449838307	0.7719020092942648	0.17254162445876	True	False	reversal_supported	suppression	none	identifiable	False	True	False	False	3.5	True	reversal_supported	suppression	none	identifiable	False	True	False	False	False	3.5	0.8425010619397599	reversal_supported;suppression	2	development	E2	E1
P10_003	False	2	-0.4683647130038508	-0.0358820123268364	0.739536092592648	0.103716470022226	0.0971875390586632	0.1060891839838669	0.1959108505086178	0.9294120991560302	0.973940484471955	0.7583112340249165	0.6324994811278243	0.2647877014935692	True	False	reversal_supported	suppression	none	identifiable	False	True	False	False	3.5	True	reversal_supported	suppression	none	identifiable	False	True	False	False	False	3.5	0.7229503190051035	reversal_supported;suppression	3	development	E1	E1
P10_004	False	5	-0.654028643077591	0.1052883155536805	0.8289555980095799	0.1426409411945869	0.1587288191020347	0.1772916225930561	0.1417188934397572	0.81190763475317	0.9282237131918556	0.7516550492152582	0.7499650002362355	0.2028354953768582	True	False	reversal_supported	suppression	none	identifiable	False	True	False	False	3.5	True	reversal_supported	suppression	none	identifiable	False	True	False	False	False	3.5	0.8425306019809725	reversal_supported;suppression	4	development	E2	E2
P10_005	False	3	-0.4663582360447128	0.0237224338374272	0.8185649347374642	0.0873045697072245	0.1544874407724797	0.1445517341315595	0.1242813229910399	0.6755583617406729	0.7684275651238363	0.9115094461062851	0.8215887861764835	0.2432743635045748	True	False	reversal_supported	suppression	none	identifiable	False	True	False	False	3.5	True	reversal_supported	suppression	none	identifiable	False	True	False	False	False	3.5	0.7783873893853595	reversal_supported;suppression	5	development	E2	E1
P10_006	False	10	-0.5734529345007595	-0.0744101532584662	0.7337381082321134	0.1280070486577873	0.0	0.2913423190823355	0.1371124844872641	0.793590270713527	0.8397960025697567	0.9641701805221372	0.8296735013076525	0.0280610547462601	True	False	reversal_supported	suppression	none	identifiable	False	True	False	False	3.5	True	reversal_supported	suppression	none	identifiable	False	True	False	False	False	3.5	0.9147075660334476	reversal_supported;suppression	6	development	E2	E2
P10_007	False	3	-0.6450311902788857	-0.0271842245776313	0.72039206772143	0.0404104101258481	0.1222593287530146	0.051755353274867	0.1750596238878688	0.7592792538827623	0.9094058068093608	0.7658701234045316	0.6399939306877204	0.2389506346685121	True	False	reversal_supported	suppression	none	identifiable	False	True	False	False	3.5	True	reversal_supported	suppression	none	identifiable	False	True	False	False	False	3.5	0.7476400775189946	reversal_supported;suppression	7	development	E2	E2
P10_008	False	5	-0.5619585499118382	-0.007868201876881	0.7414714953794456	0.1489474879757894	0.010363543533323	0.0	0.2094104386285099	0.7663162253188173	0.9066972976550048	0.6654664988921397	0.7015998445754172	0.2599307149077243	True	False	reversal_supported	suppression	none	identifiable	False	True	False	False	3.5	True	reversal_supported	suppression	none	identifiable	False	True	False	False	False	3.5	0.7990344771491678	reversal_supported;suppression	8	development	E2	E2
P10_009	False	10	-0.510325895535123	-0.0633880976017111	0.8382288620805095	0.1140831077726751	0.1502597457455452	0.031852913561179	0.097297135477351	0.6886968475265912	0.8408259402070315	0.8121732588354923	0.7292533344969336	0.2696695977449658	True	False	reversal_supported	suppression	none	identifiable	False	True	False	False	3.5	True	reversal_supported	suppression	none	identifiable	False	True	False	False	False	3.5	0.8161496247671797	reversal_supported;suppression	9	tuning	E2	E2
P10_010	False	5	-0.3477265967321687	-0.0422348540111073	0.8163399981717703	0.134180382899029	0.0	0.0358878688172985	0.2509589795595139	0.782818086821154	0.8577040088539502	0.7526572306958671	0.7103229136818687	0.1288983859302769	True	False	reversal_supported	suppression	none	identifiable	False	True	False	False	3.5	True	reversal_supported	suppression	none	identifiable	False	True	False	False	False	3.5	0.8326653138144399	reversal_supported;suppression	10	tuning	E2	E2
P10_011	False	2	-0.4580619511212042	-0.0256793923453825	0.7375167583040264	0.0	0.100426661048409	0.126309517786241	0.126063951776987	0.7316419882999574	0.9006741832364106	0.9068636263811308	0.7404352191641328	0.1174230200424403	True	False	reversal_supported	suppression	none	identifiable	False	True	False	False	3.5	True	reversal_supported	suppression	none	identifiable	False	True	False	False	False	3.5	0.7861369690773031	reversal_supported;suppression	11	tuning	E1	E1
P10_012	False	3	-0.5393832783989694	0.0501051473841502	0.9218961619517526	0.008788551781999	0.1617103158331195	0.0096394951363405	0.1452741827664249	0.7689092808464277	0.955101497691856	0.7273434384551424	0.6962901152908989	0.2608005212067136	True	False	reversal_supported	suppression	none	identifiable	False	True	False	False	3.5	True	reversal_supported	suppression	none	identifiable	False	True	False	False	False	3.5	0.7577909659539109	reversal_supported;suppression	12	tuning	E2	E2
P10_013	True	5	-0.6285573046537116	-0.0086348442222238	0.8885508822259828	0.0	0.1572863946646284	0.0	0.35374463392117	0.9344425112949408	0.8857824172146759	0.6613793429412722	0.901212418381372	0.17482209518603	True	False	reversal_supported	suppression	none	identifiable	False	True	False	False	3.5	True	reversal_supported	suppression	none	identifiable	False	True	False	False	False	3.5	0.8501417133588451	reversal_supported;suppression	13	retrospective_shifted_audit	E2	E2
P10_014	True	3	-0.8190546937050881	0.1172647588795701	0.7549582852615327	0.0597918260300681	0.1739921455974626	0.3546963176390003	0.0700676145070702	0.706211851422104	0.9688435465283232	0.9881502523138684	0.6696778097603049	0.2657215894403196	True	False	reversal_supported	suppression	none	identifiable	False	True	False	False	3.5	True	reversal_supported	suppression	none	identifiable	False	True	False	False	False	3.5	0.8069437456935684	reversal_supported;suppression	14	retrospective_shifted_audit	E2	E2
P10_015	True	3	-0.5648588413559967	-0.0086471544128944	0.909048252680554	0.0	0.0	0.3008402944534101	0.2597471419522988	0.8032716652987089	0.6270156297861368	0.9423632352185688	0.9303842676847132	0.277293304328661	True	False	reversal_supported	suppression	none	identifiable	False	True	False	False	3.5	True	reversal_supported	suppression	none	identifiable	False	True	False	False	False	3.5	0.7655745908635971	reversal_supported;suppression	15	retrospective_shifted_audit	E2	E1
P10_016	True	5	-0.6303950355147134	-0.1487733863267802	0.666124051713397	0.0395480152857751	0.0709259527161837	0.2283196235042924	0.1711562297323892	0.8447945864234199	0.8994918130399767	0.7800659947015115	0.9258264016750538	0.3882928115519846	True	False	reversal_supported	suppression	none	identifiable	False	True	False	False	3.5	True	reversal_supported	suppression	none	identifiable	False	True	False	False	False	3.5	0.8393979520945107	reversal_supported;suppression	16	retrospective_shifted_audit	E2	E2
