trajectory	contrast	pathway	day	delta_auc_day	direction_day	main_direction	direction_consistent	n_cells_case	n_cells_reference
erythroid	Euploid_GATA1s_vs_Euploid_wtGATA1	ERYTHROID_MATURATION	D7	0.0770456194877624	positive	negative	False	5791	9269
erythroid	Euploid_GATA1s_vs_Euploid_wtGATA1	ERYTHROID_MATURATION	D9	-0.3625452220439911	negative	negative	True	6469	6670
erythroid	Euploid_GATA1s_vs_Euploid_wtGATA1	ERYTHROID_MATURATION	D11	-0.9585488438606262	negative	negative	True	4154	10868
erythroid	Euploid_GATA1s_vs_Euploid_wtGATA1	GATA_KLF_TAL1_REGULON	D7	0.2277606278657913	positive	negative	False	5791	9269
erythroid	Euploid_GATA1s_vs_Euploid_wtGATA1	GATA_KLF_TAL1_REGULON	D9	-0.5179225206375122	negative	negative	True	6469	6670
erythroid	Euploid_GATA1s_vs_Euploid_wtGATA1	GATA_KLF_TAL1_REGULON	D11	-0.602851390838623	negative	negative	True	4154	10868
erythroid	Euploid_GATA1s_vs_Euploid_wtGATA1	HALLMARK_HEME_METABOLISM	D7	0.166337177157402	positive	negative	False	5791	9269
erythroid	Euploid_GATA1s_vs_Euploid_wtGATA1	HALLMARK_HEME_METABOLISM	D9	-0.3954370319843292	negative	negative	True	6469	6670
erythroid	Euploid_GATA1s_vs_Euploid_wtGATA1	HALLMARK_HEME_METABOLISM	D11	-0.2733983397483825	negative	negative	True	4154	10868
erythroid	Euploid_GATA1s_vs_Euploid_wtGATA1	HALLMARK_MYC_TARGETS_V2	D7	0.2817895114421844	positive	positive	True	5791	9269
erythroid	Euploid_GATA1s_vs_Euploid_wtGATA1	HALLMARK_MYC_TARGETS_V2	D9	0.0201014932245016	positive	positive	True	6469	6670
erythroid	Euploid_GATA1s_vs_Euploid_wtGATA1	HALLMARK_MYC_TARGETS_V2	D11	0.1965555846691131	positive	positive	True	4154	10868
erythroid	Euploid_GATA1s_vs_Euploid_wtGATA1	HEME_GLOBIN	D7	0.0097169578075408	positive	negative	False	5791	9269
erythroid	Euploid_GATA1s_vs_Euploid_wtGATA1	HEME_GLOBIN	D9	-0.4339185357093811	negative	negative	True	6469	6670
erythroid	Euploid_GATA1s_vs_Euploid_wtGATA1	HEME_GLOBIN	D11	-0.9585696458816528	negative	negative	True	4154	10868
erythroid	Euploid_GATA1s_vs_Euploid_wtGATA1	HSPC_STEMNESS	D7	0.3134288191795349	positive	positive	True	5791	9269
erythroid	Euploid_GATA1s_vs_Euploid_wtGATA1	HSPC_STEMNESS	D9	0.1343246102333068	positive	positive	True	6469	6670
erythroid	Euploid_GATA1s_vs_Euploid_wtGATA1	HSPC_STEMNESS	D11	0.245365560054779	positive	positive	True	4154	10868
erythroid	Euploid_GATA1s_vs_Euploid_wtGATA1	IRON_TRANSPORT	D7	0.0806083008646965	positive	negative	False	5791	9269
erythroid	Euploid_GATA1s_vs_Euploid_wtGATA1	IRON_TRANSPORT	D9	-0.3861163854598999	negative	negative	True	6469	6670
erythroid	Euploid_GATA1s_vs_Euploid_wtGATA1	IRON_TRANSPORT	D11	-0.6101815700531006	negative	negative	True	4154	10868
erythroid	Euploid_GATA1s_vs_Euploid_wtGATA1	MYELOID_PRIMING	D7	0.3038813471794128	positive	positive	True	5791	9269
erythroid	Euploid_GATA1s_vs_Euploid_wtGATA1	MYELOID_PRIMING	D9	0.013506107032299	positive	positive	True	6469	6670
erythroid	Euploid_GATA1s_vs_Euploid_wtGATA1	MYELOID_PRIMING	D11	0.4999745190143585	positive	positive	True	4154	10868
erythroid	T21_GATA1s_vs_T21_wtGATA1	CELL_CYCLE_E2F_G2M	D7	-0.3496690988540649	negative	negative	True	10768	8321
erythroid	T21_GATA1s_vs_T21_wtGATA1	CELL_CYCLE_E2F_G2M	D9	-0.5879240036010742	negative	negative	True	10620	9051
erythroid	T21_GATA1s_vs_T21_wtGATA1	CELL_CYCLE_E2F_G2M	D11	-0.0891873240470886	negative	negative	True	7316	8380
erythroid	T21_GATA1s_vs_T21_wtGATA1	CELL_CYCLE_EXIT	D7	-0.2345725297927856	negative	negative	True	10768	8321
erythroid	T21_GATA1s_vs_T21_wtGATA1	CELL_CYCLE_EXIT	D9	-0.1804348677396774	negative	negative	True	10620	9051
erythroid	T21_GATA1s_vs_T21_wtGATA1	CELL_CYCLE_EXIT	D11	0.0130096897482872	positive	negative	False	7316	8380
erythroid	T21_GATA1s_vs_T21_wtGATA1	ERYTHROID_MATURATION	D7	-0.2117838710546493	negative	negative	True	10768	8321
erythroid	T21_GATA1s_vs_T21_wtGATA1	ERYTHROID_MATURATION	D9	-0.2742961049079895	negative	negative	True	10620	9051
erythroid	T21_GATA1s_vs_T21_wtGATA1	ERYTHROID_MATURATION	D11	-0.4834176898002624	negative	negative	True	7316	8380
erythroid	T21_GATA1s_vs_T21_wtGATA1	GATA_KLF_TAL1_REGULON	D7	-0.2816326022148132	negative	negative	True	10768	8321
erythroid	T21_GATA1s_vs_T21_wtGATA1	GATA_KLF_TAL1_REGULON	D9	-0.3633164465427398	negative	negative	True	10620	9051
erythroid	T21_GATA1s_vs_T21_wtGATA1	GATA_KLF_TAL1_REGULON	D11	-0.3385611176490783	negative	negative	True	7316	8380
erythroid	T21_GATA1s_vs_T21_wtGATA1	HALLMARK_E2F_TARGETS	D7	-0.3495159745216369	negative	negative	True	10768	8321
erythroid	T21_GATA1s_vs_T21_wtGATA1	HALLMARK_E2F_TARGETS	D9	-0.4961126744747162	negative	negative	True	10620	9051
erythroid	T21_GATA1s_vs_T21_wtGATA1	HALLMARK_E2F_TARGETS	D11	-0.1624033004045486	negative	negative	True	7316	8380
erythroid	T21_GATA1s_vs_T21_wtGATA1	HALLMARK_HEME_METABOLISM	D7	-0.2849456071853637	negative	negative	True	10768	8321
erythroid	T21_GATA1s_vs_T21_wtGATA1	HALLMARK_HEME_METABOLISM	D9	-0.2854829728603363	negative	negative	True	10620	9051
erythroid	T21_GATA1s_vs_T21_wtGATA1	HALLMARK_HEME_METABOLISM	D11	-0.2229848206043243	negative	negative	True	7316	8380
erythroid	T21_GATA1s_vs_T21_wtGATA1	HALLMARK_INFLAMMATORY_RESPONSE	D7	-0.1337046325206756	negative	negative	True	10768	8321
erythroid	T21_GATA1s_vs_T21_wtGATA1	HALLMARK_INFLAMMATORY_RESPONSE	D9	-0.103868767619133	negative	negative	True	10620	9051
erythroid	T21_GATA1s_vs_T21_wtGATA1	HALLMARK_INFLAMMATORY_RESPONSE	D11	-0.0113917961716651	negative	negative	True	7316	8380
erythroid	T21_GATA1s_vs_T21_wtGATA1	HALLMARK_INTERFERON_GAMMA_RESPONSE	D7	-0.1460213512182235	negative	negative	True	10768	8321
erythroid	T21_GATA1s_vs_T21_wtGATA1	HALLMARK_INTERFERON_GAMMA_RESPONSE	D9	-0.1309828907251358	negative	negative	True	10620	9051
erythroid	T21_GATA1s_vs_T21_wtGATA1	HALLMARK_INTERFERON_GAMMA_RESPONSE	D11	0.0158851481974124	positive	negative	False	7316	8380
erythroid	T21_GATA1s_vs_T21_wtGATA1	HALLMARK_MYC_TARGETS_V1	D7	-0.5790486931800842	negative	negative	True	10768	8321
erythroid	T21_GATA1s_vs_T21_wtGATA1	HALLMARK_MYC_TARGETS_V1	D9	-0.7267767190933228	negative	negative	True	10620	9051
erythroid	T21_GATA1s_vs_T21_wtGATA1	HALLMARK_MYC_TARGETS_V1	D11	-0.3265897929668426	negative	negative	True	7316	8380
erythroid	T21_GATA1s_vs_T21_wtGATA1	HALLMARK_MYC_TARGETS_V2	D7	-0.4294970333576202	negative	negative	True	10768	8321
erythroid	T21_GATA1s_vs_T21_wtGATA1	HALLMARK_MYC_TARGETS_V2	D9	-0.5160235166549683	negative	negative	True	10620	9051
erythroid	T21_GATA1s_vs_T21_wtGATA1	HALLMARK_MYC_TARGETS_V2	D11	-0.2991459369659424	negative	negative	True	7316	8380
erythroid	T21_GATA1s_vs_T21_wtGATA1	HEME_GLOBIN	D7	-0.2871126234531402	negative	negative	True	10768	8321
erythroid	T21_GATA1s_vs_T21_wtGATA1	HEME_GLOBIN	D9	-0.346959501504898	negative	negative	True	10620	9051
erythroid	T21_GATA1s_vs_T21_wtGATA1	HEME_GLOBIN	D11	-0.5536012053489685	negative	negative	True	7316	8380
erythroid	T21_GATA1s_vs_T21_wtGATA1	IRON_TRANSPORT	D7	-0.3330036997795105	negative	negative	True	10768	8321
erythroid	T21_GATA1s_vs_T21_wtGATA1	IRON_TRANSPORT	D9	-0.3062662482261657	negative	negative	True	10620	9051
erythroid	T21_GATA1s_vs_T21_wtGATA1	IRON_TRANSPORT	D11	-0.3911912143230438	negative	negative	True	7316	8380
erythroid	T21_GATA1s_vs_T21_wtGATA1	MEGAKARYOCYTE_MATURATION	D7	-0.1886332929134369	negative	negative	True	10768	8321
erythroid	T21_GATA1s_vs_T21_wtGATA1	MEGAKARYOCYTE_MATURATION	D9	-0.3749192655086517	negative	negative	True	10620	9051
erythroid	T21_GATA1s_vs_T21_wtGATA1	MEGAKARYOCYTE_MATURATION	D11	-0.0256973057985305	negative	negative	True	7316	8380
erythroid	T21_GATA1s_vs_T21_wtGATA1	MYELOID_PRIMING	D7	-0.1378168165683746	negative	negative	True	10768	8321
erythroid	T21_GATA1s_vs_T21_wtGATA1	MYELOID_PRIMING	D9	-0.1357479691505432	negative	negative	True	10620	9051
erythroid	T21_GATA1s_vs_T21_wtGATA1	MYELOID_PRIMING	D11	0.0254985857754945	positive	negative	False	7316	8380
erythroid	T21_GATA1s_vs_T21_wtGATA1	RIBOSOME_TRANSLATION	D7	-0.9512280821800232	negative	negative	True	10768	8321
erythroid	T21_GATA1s_vs_T21_wtGATA1	RIBOSOME_TRANSLATION	D9	-1.2338387966156006	negative	negative	True	10620	9051
erythroid	T21_GATA1s_vs_T21_wtGATA1	RIBOSOME_TRANSLATION	D11	-0.5012367963790894	negative	negative	True	7316	8380
erythroid	T21_wtGATA1_vs_Euploid_wtGATA1	CELL_CYCLE_E2F_G2M	D7	0.5766133069992065	positive	positive	True	8321	9269
erythroid	T21_wtGATA1_vs_Euploid_wtGATA1	CELL_CYCLE_E2F_G2M	D9	0.1091668605804443	positive	positive	True	9051	6670
erythroid	T21_wtGATA1_vs_Euploid_wtGATA1	CELL_CYCLE_E2F_G2M	D11	0.2287367731332779	positive	positive	True	8380	10868
erythroid	T21_wtGATA1_vs_Euploid_wtGATA1	HALLMARK_E2F_TARGETS	D7	0.5232880711555481	positive	positive	True	8321	9269
erythroid	T21_wtGATA1_vs_Euploid_wtGATA1	HALLMARK_E2F_TARGETS	D9	0.0864319503307342	positive	positive	True	9051	6670
erythroid	T21_wtGATA1_vs_Euploid_wtGATA1	HALLMARK_E2F_TARGETS	D11	0.2310003191232681	positive	positive	True	8380	10868
erythroid	T21_wtGATA1_vs_Euploid_wtGATA1	HALLMARK_MYC_TARGETS_V1	D7	0.7530232667922974	positive	positive	True	8321	9269
erythroid	T21_wtGATA1_vs_Euploid_wtGATA1	HALLMARK_MYC_TARGETS_V1	D9	0.195986121892929	positive	positive	True	9051	6670
erythroid	T21_wtGATA1_vs_Euploid_wtGATA1	HALLMARK_MYC_TARGETS_V1	D11	0.3706694841384887	positive	positive	True	8380	10868
erythroid	T21_wtGATA1_vs_Euploid_wtGATA1	HALLMARK_MYC_TARGETS_V2	D7	0.5677687525749207	positive	positive	True	8321	9269
erythroid	T21_wtGATA1_vs_Euploid_wtGATA1	HALLMARK_MYC_TARGETS_V2	D9	0.3132185041904449	positive	positive	True	9051	6670
erythroid	T21_wtGATA1_vs_Euploid_wtGATA1	HALLMARK_MYC_TARGETS_V2	D11	0.3188716769218445	positive	positive	True	8380	10868
erythroid	T21_wtGATA1_vs_Euploid_wtGATA1	INFLAMMATORY_INTERFERON	D7	0.0609537586569786	positive	negative	False	8321	9269
erythroid	T21_wtGATA1_vs_Euploid_wtGATA1	INFLAMMATORY_INTERFERON	D9	-0.9654117822647096	negative	negative	True	9051	6670
erythroid	T21_wtGATA1_vs_Euploid_wtGATA1	INFLAMMATORY_INTERFERON	D11	-0.0099143013358116	negative	negative	True	8380	10868
erythroid	T21_wtGATA1_vs_Euploid_wtGATA1	RIBOSOME_TRANSLATION	D7	1.1346906423568726	positive	positive	True	8321	9269
erythroid	T21_wtGATA1_vs_Euploid_wtGATA1	RIBOSOME_TRANSLATION	D9	-0.0006812214851379	negative	positive	False	9051	6670
erythroid	T21_wtGATA1_vs_Euploid_wtGATA1	RIBOSOME_TRANSLATION	D11	0.3515567183494568	positive	positive	True	8380	10868
mk	Euploid_GATA1s_vs_Euploid_wtGATA1	ERYTHROID_MATURATION	D7	0.0827767178416252	positive	negative	False	6774	8596
mk	Euploid_GATA1s_vs_Euploid_wtGATA1	ERYTHROID_MATURATION	D9	-0.244315817952156	negative	negative	True	8702	8522
mk	Euploid_GATA1s_vs_Euploid_wtGATA1	ERYTHROID_MATURATION	D11	-0.5162743330001831	negative	negative	True	5357	9598
mk	Euploid_GATA1s_vs_Euploid_wtGATA1	GATA_KLF_TAL1_REGULON	D7	0.2287178039550781	positive	negative	False	6774	8596
mk	Euploid_GATA1s_vs_Euploid_wtGATA1	GATA_KLF_TAL1_REGULON	D9	-0.4395215511322021	negative	negative	True	8702	8522
mk	Euploid_GATA1s_vs_Euploid_wtGATA1	GATA_KLF_TAL1_REGULON	D11	-0.4011799097061157	negative	negative	True	5357	9598
mk	Euploid_GATA1s_vs_Euploid_wtGATA1	HALLMARK_HEME_METABOLISM	D7	0.1800902336835861	positive	negative	False	6774	8596
mk	Euploid_GATA1s_vs_Euploid_wtGATA1	HALLMARK_HEME_METABOLISM	D9	-0.3435471653938293	negative	negative	True	8702	8522
mk	Euploid_GATA1s_vs_Euploid_wtGATA1	HALLMARK_HEME_METABOLISM	D11	-0.1638000607490539	negative	negative	True	5357	9598
mk	Euploid_GATA1s_vs_Euploid_wtGATA1	HALLMARK_MYC_TARGETS_V2	D7	0.2938709855079651	positive	positive	True	6774	8596
mk	Euploid_GATA1s_vs_Euploid_wtGATA1	HALLMARK_MYC_TARGETS_V2	D9	0.0532055981457233	positive	positive	True	8702	8522
mk	Euploid_GATA1s_vs_Euploid_wtGATA1	HALLMARK_MYC_TARGETS_V2	D11	0.2379049360752105	positive	positive	True	5357	9598
mk	Euploid_GATA1s_vs_Euploid_wtGATA1	HEME_GLOBIN	D7	0.039376825094223	positive	negative	False	6774	8596
mk	Euploid_GATA1s_vs_Euploid_wtGATA1	HEME_GLOBIN	D9	-0.2963536083698272	negative	negative	True	8702	8522
mk	Euploid_GATA1s_vs_Euploid_wtGATA1	HEME_GLOBIN	D11	-0.5212967395782471	negative	negative	True	5357	9598
mk	Euploid_GATA1s_vs_Euploid_wtGATA1	HSPC_STEMNESS	D7	0.2826590836048126	positive	positive	True	6774	8596
mk	Euploid_GATA1s_vs_Euploid_wtGATA1	HSPC_STEMNESS	D9	0.1023865491151809	positive	positive	True	8702	8522
mk	Euploid_GATA1s_vs_Euploid_wtGATA1	HSPC_STEMNESS	D11	0.1669704467058181	positive	positive	True	5357	9598
mk	Euploid_GATA1s_vs_Euploid_wtGATA1	IRON_TRANSPORT	D7	0.1123418882489204	positive	negative	False	6774	8596
mk	Euploid_GATA1s_vs_Euploid_wtGATA1	IRON_TRANSPORT	D9	-0.2621901631355285	negative	negative	True	8702	8522
mk	Euploid_GATA1s_vs_Euploid_wtGATA1	IRON_TRANSPORT	D11	-0.2779454886913299	negative	negative	True	5357	9598
mk	Euploid_GATA1s_vs_Euploid_wtGATA1	MEGAKARYOCYTE_MATURATION	D7	0.2837776243686676	positive	positive	True	6774	8596
mk	Euploid_GATA1s_vs_Euploid_wtGATA1	MEGAKARYOCYTE_MATURATION	D9	-0.59283447265625	negative	positive	False	8702	8522
mk	Euploid_GATA1s_vs_Euploid_wtGATA1	MEGAKARYOCYTE_MATURATION	D11	-0.4664428830146789	negative	positive	False	5357	9598
mk	Euploid_GATA1s_vs_Euploid_wtGATA1	MYELOID_PRIMING	D7	0.3202648758888244	positive	positive	True	6774	8596
mk	Euploid_GATA1s_vs_Euploid_wtGATA1	MYELOID_PRIMING	D9	0.0072952532209455	positive	positive	True	8702	8522
mk	Euploid_GATA1s_vs_Euploid_wtGATA1	MYELOID_PRIMING	D11	0.3840356469154358	positive	positive	True	5357	9598
mk	T21_GATA1s_vs_T21_wtGATA1	CELL_CYCLE_E2F_G2M	D7	-0.2511706054210663	negative	negative	True	6109	7477
mk	T21_GATA1s_vs_T21_wtGATA1	CELL_CYCLE_E2F_G2M	D9	-0.5468858480453491	negative	negative	True	9157	9336
mk	T21_GATA1s_vs_T21_wtGATA1	CELL_CYCLE_E2F_G2M	D11	-0.102026343345642	negative	negative	True	7725	7332
mk	T21_GATA1s_vs_T21_wtGATA1	CELL_CYCLE_EXIT	D7	-0.2678509354591369	negative	negative	True	6109	7477
mk	T21_GATA1s_vs_T21_wtGATA1	CELL_CYCLE_EXIT	D9	-0.1882415413856506	negative	negative	True	9157	9336
mk	T21_GATA1s_vs_T21_wtGATA1	CELL_CYCLE_EXIT	D11	0.0019401535391807	positive	negative	False	7725	7332
mk	T21_GATA1s_vs_T21_wtGATA1	ERYTHROID_MATURATION	D7	-0.2119433879852295	negative	negative	True	6109	7477
mk	T21_GATA1s_vs_T21_wtGATA1	ERYTHROID_MATURATION	D9	-0.2419217824935913	negative	negative	True	9157	9336
mk	T21_GATA1s_vs_T21_wtGATA1	ERYTHROID_MATURATION	D11	-0.345033049583435	negative	negative	True	7725	7332
mk	T21_GATA1s_vs_T21_wtGATA1	GATA_KLF_TAL1_REGULON	D7	-0.2834583222866058	negative	negative	True	6109	7477
mk	T21_GATA1s_vs_T21_wtGATA1	GATA_KLF_TAL1_REGULON	D9	-0.3737084567546844	negative	negative	True	9157	9336
mk	T21_GATA1s_vs_T21_wtGATA1	GATA_KLF_TAL1_REGULON	D11	-0.2881593406200409	negative	negative	True	7725	7332
mk	T21_GATA1s_vs_T21_wtGATA1	HALLMARK_E2F_TARGETS	D7	-0.2991087436676025	negative	negative	True	6109	7477
mk	T21_GATA1s_vs_T21_wtGATA1	HALLMARK_E2F_TARGETS	D9	-0.4596604704856872	negative	negative	True	9157	9336
mk	T21_GATA1s_vs_T21_wtGATA1	HALLMARK_E2F_TARGETS	D11	-0.1533084660768509	negative	negative	True	7725	7332
mk	T21_GATA1s_vs_T21_wtGATA1	HALLMARK_HEME_METABOLISM	D7	-0.285779595375061	negative	negative	True	6109	7477
mk	T21_GATA1s_vs_T21_wtGATA1	HALLMARK_HEME_METABOLISM	D9	-0.2784640192985534	negative	negative	True	9157	9336
mk	T21_GATA1s_vs_T21_wtGATA1	HALLMARK_HEME_METABOLISM	D11	-0.1922867000102996	negative	negative	True	7725	7332
mk	T21_GATA1s_vs_T21_wtGATA1	HALLMARK_INFLAMMATORY_RESPONSE	D7	-0.1423107087612152	negative	negative	True	6109	7477
mk	T21_GATA1s_vs_T21_wtGATA1	HALLMARK_INFLAMMATORY_RESPONSE	D9	-0.1016280800104141	negative	negative	True	9157	9336
mk	T21_GATA1s_vs_T21_wtGATA1	HALLMARK_INFLAMMATORY_RESPONSE	D11	-0.0246082451194524	negative	negative	True	7725	7332
mk	T21_GATA1s_vs_T21_wtGATA1	HALLMARK_INTERFERON_GAMMA_RESPONSE	D7	-0.1525351554155349	negative	negative	True	6109	7477
mk	T21_GATA1s_vs_T21_wtGATA1	HALLMARK_INTERFERON_GAMMA_RESPONSE	D9	-0.1266249716281891	negative	negative	True	9157	9336
mk	T21_GATA1s_vs_T21_wtGATA1	HALLMARK_INTERFERON_GAMMA_RESPONSE	D11	-0.0027912035584449	negative	negative	True	7725	7332
mk	T21_GATA1s_vs_T21_wtGATA1	HALLMARK_MYC_TARGETS_V1	D7	-0.5670698881149292	negative	negative	True	6109	7477
mk	T21_GATA1s_vs_T21_wtGATA1	HALLMARK_MYC_TARGETS_V1	D9	-0.6783175468444824	negative	negative	True	9157	9336
mk	T21_GATA1s_vs_T21_wtGATA1	HALLMARK_MYC_TARGETS_V1	D11	-0.2988088428974151	negative	negative	True	7725	7332
mk	T21_GATA1s_vs_T21_wtGATA1	HALLMARK_MYC_TARGETS_V2	D7	-0.4118123054504394	negative	negative	True	6109	7477
mk	T21_GATA1s_vs_T21_wtGATA1	HALLMARK_MYC_TARGETS_V2	D9	-0.4490646719932556	negative	negative	True	9157	9336
mk	T21_GATA1s_vs_T21_wtGATA1	HALLMARK_MYC_TARGETS_V2	D11	-0.2574240565299988	negative	negative	True	7725	7332
mk	T21_GATA1s_vs_T21_wtGATA1	HEME_GLOBIN	D7	-0.2856417000293731	negative	negative	True	6109	7477
mk	T21_GATA1s_vs_T21_wtGATA1	HEME_GLOBIN	D9	-0.3085126876831054	negative	negative	True	9157	9336
mk	T21_GATA1s_vs_T21_wtGATA1	HEME_GLOBIN	D11	-0.4130044281482696	negative	negative	True	7725	7332
mk	T21_GATA1s_vs_T21_wtGATA1	IRON_TRANSPORT	D7	-0.3326820135116577	negative	negative	True	6109	7477
mk	T21_GATA1s_vs_T21_wtGATA1	IRON_TRANSPORT	D9	-0.271698921918869	negative	negative	True	9157	9336
mk	T21_GATA1s_vs_T21_wtGATA1	IRON_TRANSPORT	D11	-0.2815584540367126	negative	negative	True	7725	7332
mk	T21_GATA1s_vs_T21_wtGATA1	MEGAKARYOCYTE_MATURATION	D7	-0.2190407812595367	negative	negative	True	6109	7477
mk	T21_GATA1s_vs_T21_wtGATA1	MEGAKARYOCYTE_MATURATION	D9	-0.4800520539283752	negative	negative	True	9157	9336
mk	T21_GATA1s_vs_T21_wtGATA1	MEGAKARYOCYTE_MATURATION	D11	-0.177553042769432	negative	negative	True	7725	7332
mk	T21_GATA1s_vs_T21_wtGATA1	RIBOSOME_TRANSLATION	D7	-1.0130703449249268	negative	negative	True	6109	7477
mk	T21_GATA1s_vs_T21_wtGATA1	RIBOSOME_TRANSLATION	D9	-1.1993460655212402	negative	negative	True	9157	9336
mk	T21_GATA1s_vs_T21_wtGATA1	RIBOSOME_TRANSLATION	D11	-0.476882666349411	negative	negative	True	7725	7332
mk	T21_wtGATA1_vs_Euploid_wtGATA1	CELL_CYCLE_E2F_G2M	D7	0.6076505780220032	positive	positive	True	7477	8596
mk	T21_wtGATA1_vs_Euploid_wtGATA1	CELL_CYCLE_E2F_G2M	D9	0.21012943983078	positive	positive	True	9336	8522
mk	T21_wtGATA1_vs_Euploid_wtGATA1	CELL_CYCLE_E2F_G2M	D11	0.2986530661582947	positive	positive	True	7332	9598
mk	T21_wtGATA1_vs_Euploid_wtGATA1	HALLMARK_E2F_TARGETS	D7	0.5571240186691284	positive	positive	True	7477	8596
mk	T21_wtGATA1_vs_Euploid_wtGATA1	HALLMARK_E2F_TARGETS	D9	0.1492322236299514	positive	positive	True	9336	8522
mk	T21_wtGATA1_vs_Euploid_wtGATA1	HALLMARK_E2F_TARGETS	D11	0.2914805114269256	positive	positive	True	7332	9598
mk	T21_wtGATA1_vs_Euploid_wtGATA1	HALLMARK_MYC_TARGETS_V1	D7	0.8077653646469116	positive	positive	True	7477	8596
mk	T21_wtGATA1_vs_Euploid_wtGATA1	HALLMARK_MYC_TARGETS_V1	D9	0.236214742064476	positive	positive	True	9336	8522
mk	T21_wtGATA1_vs_Euploid_wtGATA1	HALLMARK_MYC_TARGETS_V1	D11	0.4703882336616516	positive	positive	True	7332	9598
mk	T21_wtGATA1_vs_Euploid_wtGATA1	HALLMARK_MYC_TARGETS_V2	D7	0.6007751226425171	positive	positive	True	7477	8596
mk	T21_wtGATA1_vs_Euploid_wtGATA1	HALLMARK_MYC_TARGETS_V2	D9	0.3168996274471283	positive	positive	True	9336	8522
mk	T21_wtGATA1_vs_Euploid_wtGATA1	HALLMARK_MYC_TARGETS_V2	D11	0.3818325400352478	positive	positive	True	7332	9598
mk	T21_wtGATA1_vs_Euploid_wtGATA1	HSPC_STEMNESS	D7	0.175840139389038	positive	positive	True	7477	8596
mk	T21_wtGATA1_vs_Euploid_wtGATA1	HSPC_STEMNESS	D9	0.0741143673658371	positive	positive	True	9336	8522
mk	T21_wtGATA1_vs_Euploid_wtGATA1	HSPC_STEMNESS	D11	0.1507611721754074	positive	positive	True	7332	9598
mk	T21_wtGATA1_vs_Euploid_wtGATA1	INFLAMMATORY_INTERFERON	D7	0.0625611841678619	positive	negative	False	7477	8596
mk	T21_wtGATA1_vs_Euploid_wtGATA1	INFLAMMATORY_INTERFERON	D9	-0.90191251039505	negative	negative	True	9336	8522
mk	T21_wtGATA1_vs_Euploid_wtGATA1	INFLAMMATORY_INTERFERON	D11	-0.0399008691310882	negative	negative	True	7332	9598
mk	T21_wtGATA1_vs_Euploid_wtGATA1	RIBOSOME_TRANSLATION	D7	1.230838179588318	positive	positive	True	7477	8596
mk	T21_wtGATA1_vs_Euploid_wtGATA1	RIBOSOME_TRANSLATION	D9	0.1000051200389862	positive	positive	True	9336	8522
mk	T21_wtGATA1_vs_Euploid_wtGATA1	RIBOSOME_TRANSLATION	D11	0.6398969888687134	positive	positive	True	7332	9598
myeloid	Euploid_GATA1s_vs_Euploid_wtGATA1	ERYTHROID_MATURATION	D7	0.0832857713103294	positive	negative	False	6893	9770
myeloid	Euploid_GATA1s_vs_Euploid_wtGATA1	ERYTHROID_MATURATION	D9	-0.2151497602462768	negative	negative	True	11663	7303
myeloid	Euploid_GATA1s_vs_Euploid_wtGATA1	ERYTHROID_MATURATION	D11	-0.6581088304519653	negative	negative	True	8369	5952
myeloid	Euploid_GATA1s_vs_Euploid_wtGATA1	GATA_KLF_TAL1_REGULON	D7	0.2241320312023162	positive	negative	False	6893	9770
myeloid	Euploid_GATA1s_vs_Euploid_wtGATA1	GATA_KLF_TAL1_REGULON	D9	-0.3701924681663513	negative	negative	True	11663	7303
myeloid	Euploid_GATA1s_vs_Euploid_wtGATA1	GATA_KLF_TAL1_REGULON	D11	-0.5444420576095581	negative	negative	True	8369	5952
myeloid	Euploid_GATA1s_vs_Euploid_wtGATA1	HALLMARK_HEME_METABOLISM	D7	0.1810939162969589	positive	negative	False	6893	9770
myeloid	Euploid_GATA1s_vs_Euploid_wtGATA1	HALLMARK_HEME_METABOLISM	D9	-0.3448981642723083	negative	negative	True	11663	7303
myeloid	Euploid_GATA1s_vs_Euploid_wtGATA1	HALLMARK_HEME_METABOLISM	D11	-0.2611664533615112	negative	negative	True	8369	5952
myeloid	Euploid_GATA1s_vs_Euploid_wtGATA1	HALLMARK_MYC_TARGETS_V2	D7	0.2983294725418091	positive	positive	True	6893	9770
myeloid	Euploid_GATA1s_vs_Euploid_wtGATA1	HALLMARK_MYC_TARGETS_V2	D9	0.0276452582329511	positive	positive	True	11663	7303
myeloid	Euploid_GATA1s_vs_Euploid_wtGATA1	HALLMARK_MYC_TARGETS_V2	D11	0.0439385995268821	positive	positive	True	8369	5952
myeloid	Euploid_GATA1s_vs_Euploid_wtGATA1	HEME_GLOBIN	D7	0.0421635657548904	positive	negative	False	6893	9770
myeloid	Euploid_GATA1s_vs_Euploid_wtGATA1	HEME_GLOBIN	D9	-0.2611897885799408	negative	negative	True	11663	7303
myeloid	Euploid_GATA1s_vs_Euploid_wtGATA1	HEME_GLOBIN	D11	-0.6455222368240356	negative	negative	True	8369	5952
myeloid	Euploid_GATA1s_vs_Euploid_wtGATA1	IRON_TRANSPORT	D7	0.1109612509608268	positive	negative	False	6893	9770
myeloid	Euploid_GATA1s_vs_Euploid_wtGATA1	IRON_TRANSPORT	D9	-0.3723167479038238	negative	negative	True	11663	7303
myeloid	Euploid_GATA1s_vs_Euploid_wtGATA1	IRON_TRANSPORT	D11	-0.3728295564651489	negative	negative	True	8369	5952
myeloid	Euploid_GATA1s_vs_Euploid_wtGATA1	MYELOID_PRIMING	D7	0.335146963596344	positive	positive	True	6893	9770
myeloid	Euploid_GATA1s_vs_Euploid_wtGATA1	MYELOID_PRIMING	D9	-0.1551891863346099	negative	positive	False	11663	7303
myeloid	Euploid_GATA1s_vs_Euploid_wtGATA1	MYELOID_PRIMING	D11	0.5270897150039673	positive	positive	True	8369	5952
myeloid	T21_GATA1s_vs_T21_wtGATA1	CELL_CYCLE_E2F_G2M	D7	-0.2525126338005066	negative	negative	True	6356	7506
myeloid	T21_GATA1s_vs_T21_wtGATA1	CELL_CYCLE_E2F_G2M	D9	-0.6822541952133179	negative	negative	True	9485	7243
myeloid	T21_GATA1s_vs_T21_wtGATA1	CELL_CYCLE_E2F_G2M	D11	-0.132513552904129	negative	negative	True	9301	7554
myeloid	T21_GATA1s_vs_T21_wtGATA1	CELL_CYCLE_EXIT	D7	-0.2636786103248596	negative	negative	True	6356	7506
myeloid	T21_GATA1s_vs_T21_wtGATA1	CELL_CYCLE_EXIT	D9	-0.2016779631376266	negative	negative	True	9485	7243
myeloid	T21_GATA1s_vs_T21_wtGATA1	CELL_CYCLE_EXIT	D11	0.004963194951415	positive	negative	False	9301	7554
myeloid	T21_GATA1s_vs_T21_wtGATA1	ERYTHROID_MATURATION	D7	-0.1943099051713943	negative	negative	True	6356	7506
myeloid	T21_GATA1s_vs_T21_wtGATA1	ERYTHROID_MATURATION	D9	-0.2456482201814651	negative	negative	True	9485	7243
myeloid	T21_GATA1s_vs_T21_wtGATA1	ERYTHROID_MATURATION	D11	-0.2365880906581878	negative	negative	True	9301	7554
myeloid	T21_GATA1s_vs_T21_wtGATA1	GATA_KLF_TAL1_REGULON	D7	-0.2655370831489563	negative	negative	True	6356	7506
myeloid	T21_GATA1s_vs_T21_wtGATA1	GATA_KLF_TAL1_REGULON	D9	-0.3697794675827026	negative	negative	True	9485	7243
myeloid	T21_GATA1s_vs_T21_wtGATA1	GATA_KLF_TAL1_REGULON	D11	-0.1973309963941574	negative	negative	True	9301	7554
myeloid	T21_GATA1s_vs_T21_wtGATA1	HALLMARK_E2F_TARGETS	D7	-0.2987108826637268	negative	negative	True	6356	7506
myeloid	T21_GATA1s_vs_T21_wtGATA1	HALLMARK_E2F_TARGETS	D9	-0.557861864566803	negative	negative	True	9485	7243
myeloid	T21_GATA1s_vs_T21_wtGATA1	HALLMARK_E2F_TARGETS	D11	-0.1568815112113952	negative	negative	True	9301	7554
myeloid	T21_GATA1s_vs_T21_wtGATA1	HALLMARK_HEME_METABOLISM	D7	-0.2792669534683227	negative	negative	True	6356	7506
myeloid	T21_GATA1s_vs_T21_wtGATA1	HALLMARK_HEME_METABOLISM	D9	-0.2973840832710266	negative	negative	True	9485	7243
myeloid	T21_GATA1s_vs_T21_wtGATA1	HALLMARK_HEME_METABOLISM	D11	-0.1520100235939026	negative	negative	True	9301	7554
myeloid	T21_GATA1s_vs_T21_wtGATA1	HALLMARK_INFLAMMATORY_RESPONSE	D7	-0.1427665650844574	negative	negative	True	6356	7506
myeloid	T21_GATA1s_vs_T21_wtGATA1	HALLMARK_INFLAMMATORY_RESPONSE	D9	-0.1187889948487281	negative	negative	True	9485	7243
myeloid	T21_GATA1s_vs_T21_wtGATA1	HALLMARK_INFLAMMATORY_RESPONSE	D11	-0.052774641662836	negative	negative	True	9301	7554
myeloid	T21_GATA1s_vs_T21_wtGATA1	HALLMARK_INTERFERON_GAMMA_RESPONSE	D7	-0.1507418602705001	negative	negative	True	6356	7506
myeloid	T21_GATA1s_vs_T21_wtGATA1	HALLMARK_INTERFERON_GAMMA_RESPONSE	D9	-0.1547675132751464	negative	negative	True	9485	7243
myeloid	T21_GATA1s_vs_T21_wtGATA1	HALLMARK_INTERFERON_GAMMA_RESPONSE	D11	-0.0522430017590522	negative	negative	True	9301	7554
myeloid	T21_GATA1s_vs_T21_wtGATA1	HALLMARK_MYC_TARGETS_V1	D7	-0.5670148134231567	negative	negative	True	6356	7506
myeloid	T21_GATA1s_vs_T21_wtGATA1	HALLMARK_MYC_TARGETS_V1	D9	-0.8102278709411621	negative	negative	True	9485	7243
myeloid	T21_GATA1s_vs_T21_wtGATA1	HALLMARK_MYC_TARGETS_V1	D11	-0.2917258739471435	negative	negative	True	9301	7554
myeloid	T21_GATA1s_vs_T21_wtGATA1	HALLMARK_MYC_TARGETS_V2	D7	-0.4107798039913177	negative	negative	True	6356	7506
myeloid	T21_GATA1s_vs_T21_wtGATA1	HALLMARK_MYC_TARGETS_V2	D9	-0.5550956726074219	negative	negative	True	9485	7243
myeloid	T21_GATA1s_vs_T21_wtGATA1	HALLMARK_MYC_TARGETS_V2	D11	-0.249866709113121	negative	negative	True	9301	7554
myeloid	T21_GATA1s_vs_T21_wtGATA1	HEME_GLOBIN	D7	-0.2734889984130859	negative	negative	True	6356	7506
myeloid	T21_GATA1s_vs_T21_wtGATA1	HEME_GLOBIN	D9	-0.3200042843818664	negative	negative	True	9485	7243
myeloid	T21_GATA1s_vs_T21_wtGATA1	HEME_GLOBIN	D11	-0.3097293376922607	negative	negative	True	9301	7554
myeloid	T21_GATA1s_vs_T21_wtGATA1	IRON_TRANSPORT	D7	-0.3244301080703735	negative	negative	True	6356	7506
myeloid	T21_GATA1s_vs_T21_wtGATA1	IRON_TRANSPORT	D9	-0.3025982677936554	negative	negative	True	9485	7243
myeloid	T21_GATA1s_vs_T21_wtGATA1	IRON_TRANSPORT	D11	-0.2050216645002365	negative	negative	True	9301	7554
myeloid	T21_GATA1s_vs_T21_wtGATA1	MEGAKARYOCYTE_MATURATION	D7	-0.2019738554954528	negative	negative	True	6356	7506
myeloid	T21_GATA1s_vs_T21_wtGATA1	MEGAKARYOCYTE_MATURATION	D9	-0.4234093725681305	negative	negative	True	9485	7243
myeloid	T21_GATA1s_vs_T21_wtGATA1	MEGAKARYOCYTE_MATURATION	D11	-0.0310732871294021	negative	negative	True	9301	7554
myeloid	T21_GATA1s_vs_T21_wtGATA1	MYELOID_PRIMING	D7	-0.1605934351682663	negative	negative	True	6356	7506
myeloid	T21_GATA1s_vs_T21_wtGATA1	MYELOID_PRIMING	D9	-0.2061989903450012	negative	negative	True	9485	7243
myeloid	T21_GATA1s_vs_T21_wtGATA1	MYELOID_PRIMING	D11	-0.1870245337486267	negative	negative	True	9301	7554
myeloid	T21_GATA1s_vs_T21_wtGATA1	RIBOSOME_TRANSLATION	D7	-1.001600980758667	negative	negative	True	6356	7506
myeloid	T21_GATA1s_vs_T21_wtGATA1	RIBOSOME_TRANSLATION	D9	-1.3926279544830322	negative	negative	True	9485	7243
myeloid	T21_GATA1s_vs_T21_wtGATA1	RIBOSOME_TRANSLATION	D11	-0.4814071655273437	negative	negative	True	9301	7554
myeloid	T21_wtGATA1_vs_Euploid_wtGATA1	CELL_CYCLE_E2F_G2M	D7	0.6144969463348389	positive	positive	True	7506	9770
myeloid	T21_wtGATA1_vs_Euploid_wtGATA1	CELL_CYCLE_E2F_G2M	D9	0.2526621222496032	positive	positive	True	7243	7303
myeloid	T21_wtGATA1_vs_Euploid_wtGATA1	CELL_CYCLE_E2F_G2M	D11	0.0662333667278289	positive	positive	True	7554	5952
myeloid	T21_wtGATA1_vs_Euploid_wtGATA1	HALLMARK_E2F_TARGETS	D7	0.5593633055686951	positive	positive	True	7506	9770
myeloid	T21_wtGATA1_vs_Euploid_wtGATA1	HALLMARK_E2F_TARGETS	D9	0.1717366278171539	positive	positive	True	7243	7303
myeloid	T21_wtGATA1_vs_Euploid_wtGATA1	HALLMARK_E2F_TARGETS	D11	0.124790221452713	positive	positive	True	7554	5952
myeloid	T21_wtGATA1_vs_Euploid_wtGATA1	HALLMARK_MYC_TARGETS_V1	D7	0.8129293918609619	positive	positive	True	7506	9770
myeloid	T21_wtGATA1_vs_Euploid_wtGATA1	HALLMARK_MYC_TARGETS_V1	D9	0.2520005404949188	positive	positive	True	7243	7303
myeloid	T21_wtGATA1_vs_Euploid_wtGATA1	HALLMARK_MYC_TARGETS_V1	D11	0.2821134328842163	positive	positive	True	7554	5952
myeloid	T21_wtGATA1_vs_Euploid_wtGATA1	HALLMARK_MYC_TARGETS_V2	D7	0.6021003723144531	positive	positive	True	7506	9770
myeloid	T21_wtGATA1_vs_Euploid_wtGATA1	HALLMARK_MYC_TARGETS_V2	D9	0.3488847315311432	positive	positive	True	7243	7303
myeloid	T21_wtGATA1_vs_Euploid_wtGATA1	HALLMARK_MYC_TARGETS_V2	D11	0.2483489364385604	positive	positive	True	7554	5952
myeloid	T21_wtGATA1_vs_Euploid_wtGATA1	INFLAMMATORY_INTERFERON	D7	0.0685784295201301	positive	negative	False	7506	9770
myeloid	T21_wtGATA1_vs_Euploid_wtGATA1	INFLAMMATORY_INTERFERON	D9	-1.1609508991241455	negative	negative	True	7243	7303
myeloid	T21_wtGATA1_vs_Euploid_wtGATA1	INFLAMMATORY_INTERFERON	D11	-0.0331501029431819	negative	negative	True	7554	5952
myeloid	T21_wtGATA1_vs_Euploid_wtGATA1	RIBOSOME_TRANSLATION	D7	1.2368810176849363	positive	positive	True	7506	9770
myeloid	T21_wtGATA1_vs_Euploid_wtGATA1	RIBOSOME_TRANSLATION	D9	0.0343303680419921	positive	positive	True	7243	7303
myeloid	T21_wtGATA1_vs_Euploid_wtGATA1	RIBOSOME_TRANSLATION	D11	0.3508563637733459	positive	positive	True	7554	5952
erythroid	T21_wtGATA1_vs_Euploid_wtGATA1	HSPC_STEMNESS	D7	0.1471783518791198	positive	positive	True	8321	9269
erythroid	T21_wtGATA1_vs_Euploid_wtGATA1	HSPC_STEMNESS	D9	0.0459599569439888	positive	positive	True	9051	6670
erythroid	T21_wtGATA1_vs_Euploid_wtGATA1	HSPC_STEMNESS	D11	0.1450386494398117	positive	positive	True	8380	10868
mk	Euploid_GATA1s_vs_Euploid_wtGATA1	HALLMARK_MYC_TARGETS_V1	D7	0.4308985471725464	positive	positive	True	6774	8596
mk	Euploid_GATA1s_vs_Euploid_wtGATA1	HALLMARK_MYC_TARGETS_V1	D9	-0.2004549205303192	negative	positive	False	8702	8522
mk	Euploid_GATA1s_vs_Euploid_wtGATA1	HALLMARK_MYC_TARGETS_V1	D11	0.326831042766571	positive	positive	True	5357	9598
mk	T21_GATA1s_vs_T21_wtGATA1	MYELOID_PRIMING	D7	-0.1595746576786041	negative	negative	True	6109	7477
mk	T21_GATA1s_vs_T21_wtGATA1	MYELOID_PRIMING	D9	-0.14148710668087	negative	negative	True	9157	9336
mk	T21_GATA1s_vs_T21_wtGATA1	MYELOID_PRIMING	D11	-0.0218338780105114	negative	negative	True	7725	7332
myeloid	T21_wtGATA1_vs_Euploid_wtGATA1	HSPC_STEMNESS	D7	0.1840507388114929	positive	positive	True	7506	9770
myeloid	T21_wtGATA1_vs_Euploid_wtGATA1	HSPC_STEMNESS	D9	0.0988183468580246	positive	positive	True	7243	7303
myeloid	T21_wtGATA1_vs_Euploid_wtGATA1	HSPC_STEMNESS	D11	0.0951613336801529	positive	positive	True	7554	5952
myeloid	Euploid_GATA1s_vs_Euploid_wtGATA1	CELL_CYCLE_EXIT	D7	0.2001210749149322	positive	negative	False	6893	9770
myeloid	Euploid_GATA1s_vs_Euploid_wtGATA1	CELL_CYCLE_EXIT	D9	-0.495331734418869	negative	negative	True	11663	7303
myeloid	Euploid_GATA1s_vs_Euploid_wtGATA1	CELL_CYCLE_EXIT	D11	-0.0708999037742614	negative	negative	True	8369	5952
myeloid	T21_wtGATA1_vs_Euploid_wtGATA1	HALLMARK_HEME_METABOLISM	D7	0.3222416043281555	positive	positive	True	7506	9770
myeloid	T21_wtGATA1_vs_Euploid_wtGATA1	HALLMARK_HEME_METABOLISM	D9	-0.0568399131298065	negative	positive	False	7243	7303
myeloid	T21_wtGATA1_vs_Euploid_wtGATA1	HALLMARK_HEME_METABOLISM	D11	-0.070327989757061	negative	positive	False	7554	5952
mk	T21_wtGATA1_vs_Euploid_wtGATA1	HALLMARK_HEME_METABOLISM	D7	0.3256997168064117	positive	positive	True	7477	8596
mk	T21_wtGATA1_vs_Euploid_wtGATA1	HALLMARK_HEME_METABOLISM	D9	-0.0835710242390632	negative	positive	False	9336	8522
mk	T21_wtGATA1_vs_Euploid_wtGATA1	HALLMARK_HEME_METABOLISM	D11	0.0404752939939498	positive	positive	True	7332	9598
erythroid	Euploid_GATA1s_vs_Euploid_wtGATA1	HALLMARK_MYC_TARGETS_V1	D7	0.4122363924980163	positive	positive	True	5791	9269
erythroid	Euploid_GATA1s_vs_Euploid_wtGATA1	HALLMARK_MYC_TARGETS_V1	D9	-0.2592427432537079	negative	positive	False	6469	6670
erythroid	Euploid_GATA1s_vs_Euploid_wtGATA1	HALLMARK_MYC_TARGETS_V1	D11	0.2830626368522644	positive	positive	True	4154	10868
mk	Euploid_GATA1s_vs_Euploid_wtGATA1	RIBOSOME_TRANSLATION	D7	0.9304063320159912	positive	positive	True	6774	8596
mk	Euploid_GATA1s_vs_Euploid_wtGATA1	RIBOSOME_TRANSLATION	D9	-0.5769769549369812	negative	positive	False	8702	8522
mk	Euploid_GATA1s_vs_Euploid_wtGATA1	RIBOSOME_TRANSLATION	D11	0.4634916186332702	positive	positive	True	5357	9598
mk	Euploid_GATA1s_vs_Euploid_wtGATA1	CELL_CYCLE_EXIT	D7	0.1851222813129425	positive	positive	True	6774	8596
mk	Euploid_GATA1s_vs_Euploid_wtGATA1	CELL_CYCLE_EXIT	D9	-0.4578752517700195	negative	positive	False	8702	8522
mk	Euploid_GATA1s_vs_Euploid_wtGATA1	CELL_CYCLE_EXIT	D11	0.0239266902208328	positive	positive	True	5357	9598
erythroid	T21_GATA1s_vs_T21_wtGATA1	HSPC_STEMNESS	D7	-0.191922128200531	negative	negative	True	10768	8321
erythroid	T21_GATA1s_vs_T21_wtGATA1	HSPC_STEMNESS	D9	-0.1068536192178726	negative	negative	True	10620	9051
erythroid	T21_GATA1s_vs_T21_wtGATA1	HSPC_STEMNESS	D11	0.1018814444541931	positive	negative	False	7316	8380
mk	T21_wtGATA1_vs_Euploid_wtGATA1	MEGAKARYOCYTE_MATURATION	D7	0.2086299508810043	positive	negative	False	7477	8596
mk	T21_wtGATA1_vs_Euploid_wtGATA1	MEGAKARYOCYTE_MATURATION	D9	-0.2998935580253601	negative	negative	True	9336	8522
mk	T21_wtGATA1_vs_Euploid_wtGATA1	MEGAKARYOCYTE_MATURATION	D11	-0.5074658989906311	negative	negative	True	7332	9598
myeloid	Euploid_GATA1s_vs_Euploid_wtGATA1	HSPC_STEMNESS	D7	0.2840336859226227	positive	positive	True	6893	9770
myeloid	Euploid_GATA1s_vs_Euploid_wtGATA1	HSPC_STEMNESS	D9	0.0207831338047981	positive	positive	True	11663	7303
myeloid	Euploid_GATA1s_vs_Euploid_wtGATA1	HSPC_STEMNESS	D11	0.0095239989459514	positive	positive	True	8369	5952
mk	T21_wtGATA1_vs_Euploid_wtGATA1	IRON_TRANSPORT	D7	0.3343898057937622	positive	positive	True	7477	8596
mk	T21_wtGATA1_vs_Euploid_wtGATA1	IRON_TRANSPORT	D9	0.0101757459342479	positive	positive	True	9336	8522
mk	T21_wtGATA1_vs_Euploid_wtGATA1	IRON_TRANSPORT	D11	0.0906788855791091	positive	positive	True	7332	9598
erythroid	T21_wtGATA1_vs_Euploid_wtGATA1	MYELOID_PRIMING	D7	0.1218114644289016	positive	positive	True	8321	9269
erythroid	T21_wtGATA1_vs_Euploid_wtGATA1	MYELOID_PRIMING	D9	-0.0893376171588897	negative	positive	False	9051	6670
erythroid	T21_wtGATA1_vs_Euploid_wtGATA1	MYELOID_PRIMING	D11	0.1418749690055847	positive	positive	True	8380	10868
erythroid	Euploid_GATA1s_vs_Euploid_wtGATA1	CELL_CYCLE_EXIT	D7	0.1925621628761291	positive	negative	False	5791	9269
erythroid	Euploid_GATA1s_vs_Euploid_wtGATA1	CELL_CYCLE_EXIT	D9	-0.5292892456054688	negative	negative	True	6469	6670
erythroid	Euploid_GATA1s_vs_Euploid_wtGATA1	CELL_CYCLE_EXIT	D11	0.0109132304787635	positive	negative	False	4154	10868
mk	T21_wtGATA1_vs_Euploid_wtGATA1	HEME_GLOBIN	D7	0.3762167692184448	positive	positive	True	7477	8596
mk	T21_wtGATA1_vs_Euploid_wtGATA1	HEME_GLOBIN	D9	0.0648383870720863	positive	positive	True	9336	8522
mk	T21_wtGATA1_vs_Euploid_wtGATA1	HEME_GLOBIN	D11	0.0291011333465576	positive	positive	True	7332	9598
myeloid	Euploid_GATA1s_vs_Euploid_wtGATA1	INFLAMMATORY_INTERFERON	D7	0.240877628326416	positive	negative	False	6893	9770
myeloid	Euploid_GATA1s_vs_Euploid_wtGATA1	INFLAMMATORY_INTERFERON	D9	-1.1216366291046145	negative	negative	True	11663	7303
myeloid	Euploid_GATA1s_vs_Euploid_wtGATA1	INFLAMMATORY_INTERFERON	D11	0.3635898530483246	positive	negative	False	8369	5952
myeloid	T21_wtGATA1_vs_Euploid_wtGATA1	GATA_KLF_TAL1_REGULON	D7	0.4276157915592193	positive	positive	True	7506	9770
myeloid	T21_wtGATA1_vs_Euploid_wtGATA1	GATA_KLF_TAL1_REGULON	D9	0.0341479480266571	positive	positive	True	7243	7303
myeloid	T21_wtGATA1_vs_Euploid_wtGATA1	GATA_KLF_TAL1_REGULON	D11	-0.2278490960597992	negative	positive	False	7554	5952
erythroid	T21_wtGATA1_vs_Euploid_wtGATA1	HALLMARK_HEME_METABOLISM	D7	0.3046635091304779	positive	positive	True	8321	9269
erythroid	T21_wtGATA1_vs_Euploid_wtGATA1	HALLMARK_HEME_METABOLISM	D9	-0.0996129810810089	negative	positive	False	9051	6670
erythroid	T21_wtGATA1_vs_Euploid_wtGATA1	HALLMARK_HEME_METABOLISM	D11	-0.0146153569221496	negative	positive	False	8380	10868
myeloid	Euploid_GATA1s_vs_Euploid_wtGATA1	MEGAKARYOCYTE_MATURATION	D7	0.2505185604095459	positive	negative	False	6893	9770
myeloid	Euploid_GATA1s_vs_Euploid_wtGATA1	MEGAKARYOCYTE_MATURATION	D9	-0.4231839179992676	negative	negative	True	11663	7303
myeloid	Euploid_GATA1s_vs_Euploid_wtGATA1	MEGAKARYOCYTE_MATURATION	D11	-0.2928886413574219	negative	negative	True	8369	5952
myeloid	T21_wtGATA1_vs_Euploid_wtGATA1	HEME_GLOBIN	D7	0.3637065887451172	positive	positive	True	7506	9770
myeloid	T21_wtGATA1_vs_Euploid_wtGATA1	HEME_GLOBIN	D9	0.1126994639635086	positive	positive	True	7243	7303
myeloid	T21_wtGATA1_vs_Euploid_wtGATA1	HEME_GLOBIN	D11	-0.2101993113756179	negative	positive	False	7554	5952
mk	T21_wtGATA1_vs_Euploid_wtGATA1	MYELOID_PRIMING	D7	0.1341742128133773	positive	positive	True	7477	8596
mk	T21_wtGATA1_vs_Euploid_wtGATA1	MYELOID_PRIMING	D9	-0.0644145533442497	negative	positive	False	9336	8522
mk	T21_wtGATA1_vs_Euploid_wtGATA1	MYELOID_PRIMING	D11	0.1489805281162262	positive	positive	True	7332	9598
myeloid	T21_GATA1s_vs_T21_wtGATA1	HSPC_STEMNESS	D7	-0.1774236857891082	negative	negative	True	6356	7506
myeloid	T21_GATA1s_vs_T21_wtGATA1	HSPC_STEMNESS	D9	-0.1330024003982544	negative	negative	True	9485	7243
myeloid	T21_GATA1s_vs_T21_wtGATA1	HSPC_STEMNESS	D11	0.0587052702903747	positive	negative	False	9301	7554
myeloid	Euploid_GATA1s_vs_Euploid_wtGATA1	HALLMARK_MYC_TARGETS_V1	D7	0.4378329515457153	positive	negative	False	6893	9770
myeloid	Euploid_GATA1s_vs_Euploid_wtGATA1	HALLMARK_MYC_TARGETS_V1	D9	-0.2728734612464905	negative	negative	True	11663	7303
myeloid	Euploid_GATA1s_vs_Euploid_wtGATA1	HALLMARK_MYC_TARGETS_V1	D11	0.0292175337672233	positive	negative	False	8369	5952
mk	T21_GATA1s_vs_T21_wtGATA1	HSPC_STEMNESS	D7	-0.1788409352302551	negative	negative	True	6109	7477
mk	T21_GATA1s_vs_T21_wtGATA1	HSPC_STEMNESS	D9	-0.0969238355755806	negative	negative	True	9157	9336
mk	T21_GATA1s_vs_T21_wtGATA1	HSPC_STEMNESS	D11	0.0593223124742507	positive	negative	False	7725	7332
mk	T21_wtGATA1_vs_Euploid_wtGATA1	ERYTHROID_MATURATION	D7	0.3605338037014007	positive	positive	True	7477	8596
mk	T21_wtGATA1_vs_Euploid_wtGATA1	ERYTHROID_MATURATION	D9	0.0730988681316375	positive	positive	True	9336	8522
mk	T21_wtGATA1_vs_Euploid_wtGATA1	ERYTHROID_MATURATION	D11	-0.0281915962696075	negative	positive	False	7332	9598
mk	T21_wtGATA1_vs_Euploid_wtGATA1	GATA_KLF_TAL1_REGULON	D7	0.4528331756591797	positive	positive	True	7477	8596
mk	T21_wtGATA1_vs_Euploid_wtGATA1	GATA_KLF_TAL1_REGULON	D9	-0.0838825106620788	negative	positive	False	9336	8522
mk	T21_wtGATA1_vs_Euploid_wtGATA1	GATA_KLF_TAL1_REGULON	D11	-0.058693990111351	negative	positive	False	7332	9598
mk	Euploid_GATA1s_vs_Euploid_wtGATA1	INFLAMMATORY_INTERFERON	D7	0.2414474487304687	positive	negative	False	6774	8596
mk	Euploid_GATA1s_vs_Euploid_wtGATA1	INFLAMMATORY_INTERFERON	D9	-0.8614976406097412	negative	negative	True	8702	8522
mk	Euploid_GATA1s_vs_Euploid_wtGATA1	INFLAMMATORY_INTERFERON	D11	0.3544178605079651	positive	negative	False	5357	9598
myeloid	T21_wtGATA1_vs_Euploid_wtGATA1	ERYTHROID_MATURATION	D7	0.3419819474220276	positive	positive	True	7506	9770
myeloid	T21_wtGATA1_vs_Euploid_wtGATA1	ERYTHROID_MATURATION	D9	0.1279469132423401	positive	positive	True	7243	7303
myeloid	T21_wtGATA1_vs_Euploid_wtGATA1	ERYTHROID_MATURATION	D11	-0.2678704857826233	negative	positive	False	7554	5952
erythroid	Euploid_GATA1s_vs_Euploid_wtGATA1	HALLMARK_INFLAMMATORY_RESPONSE	D7	0.111056812107563	positive	negative	False	5791	9269
erythroid	Euploid_GATA1s_vs_Euploid_wtGATA1	HALLMARK_INFLAMMATORY_RESPONSE	D9	-0.2010923326015472	negative	negative	True	6469	6670
erythroid	Euploid_GATA1s_vs_Euploid_wtGATA1	HALLMARK_INFLAMMATORY_RESPONSE	D11	0.1582855284214019	positive	negative	False	4154	10868
myeloid	T21_wtGATA1_vs_Euploid_wtGATA1	HALLMARK_INTERFERON_GAMMA_RESPONSE	D7	0.1608987301588058	positive	negative	False	7506	9770
myeloid	T21_wtGATA1_vs_Euploid_wtGATA1	HALLMARK_INTERFERON_GAMMA_RESPONSE	D9	-0.4344390630722046	negative	negative	True	7243	7303
myeloid	T21_wtGATA1_vs_Euploid_wtGATA1	HALLMARK_INTERFERON_GAMMA_RESPONSE	D11	0.0544857084751129	positive	negative	False	7554	5952
mk	T21_wtGATA1_vs_Euploid_wtGATA1	HALLMARK_INTERFERON_GAMMA_RESPONSE	D7	0.1584207117557525	positive	negative	False	7477	8596
mk	T21_wtGATA1_vs_Euploid_wtGATA1	HALLMARK_INTERFERON_GAMMA_RESPONSE	D9	-0.3177510797977447	negative	negative	True	9336	8522
mk	T21_wtGATA1_vs_Euploid_wtGATA1	HALLMARK_INTERFERON_GAMMA_RESPONSE	D11	0.0620483011007308	positive	negative	False	7332	9598
myeloid	T21_wtGATA1_vs_Euploid_wtGATA1	IRON_TRANSPORT	D7	0.3156701326370239	positive	positive	True	7506	9770
myeloid	T21_wtGATA1_vs_Euploid_wtGATA1	IRON_TRANSPORT	D9	-0.0846884697675705	negative	positive	False	7243	7303
myeloid	T21_wtGATA1_vs_Euploid_wtGATA1	IRON_TRANSPORT	D11	-0.1138182282447815	negative	positive	False	7554	5952
erythroid	T21_wtGATA1_vs_Euploid_wtGATA1	GATA_KLF_TAL1_REGULON	D7	0.4339876174926758	positive	positive	True	8321	9269
erythroid	T21_wtGATA1_vs_Euploid_wtGATA1	GATA_KLF_TAL1_REGULON	D9	-0.074877068400383	negative	positive	False	9051	6670
erythroid	T21_wtGATA1_vs_Euploid_wtGATA1	GATA_KLF_TAL1_REGULON	D11	-0.124313086271286	negative	positive	False	8380	10868
erythroid	Euploid_GATA1s_vs_Euploid_wtGATA1	RIBOSOME_TRANSLATION	D7	0.8629104495048523	positive	positive	True	5791	9269
erythroid	Euploid_GATA1s_vs_Euploid_wtGATA1	RIBOSOME_TRANSLATION	D9	-0.7273658514022827	negative	positive	False	6469	6670
erythroid	Euploid_GATA1s_vs_Euploid_wtGATA1	RIBOSOME_TRANSLATION	D11	0.2416908591985702	positive	positive	True	4154	10868
erythroid	Euploid_GATA1s_vs_Euploid_wtGATA1	MEGAKARYOCYTE_MATURATION	D7	0.2520997822284698	positive	negative	False	5791	9269
erythroid	Euploid_GATA1s_vs_Euploid_wtGATA1	MEGAKARYOCYTE_MATURATION	D9	-0.5275702476501465	negative	negative	True	6469	6670
erythroid	Euploid_GATA1s_vs_Euploid_wtGATA1	MEGAKARYOCYTE_MATURATION	D11	-0.0351651459932327	negative	negative	True	4154	10868
myeloid	T21_wtGATA1_vs_Euploid_wtGATA1	MYELOID_PRIMING	D7	0.1442352682352066	positive	negative	False	7506	9770
myeloid	T21_wtGATA1_vs_Euploid_wtGATA1	MYELOID_PRIMING	D9	-0.2552237510681152	negative	negative	True	7243	7303
myeloid	T21_wtGATA1_vs_Euploid_wtGATA1	MYELOID_PRIMING	D11	0.2304065227508545	positive	negative	False	7554	5952
myeloid	Euploid_GATA1s_vs_Euploid_wtGATA1	HALLMARK_INTERFERON_GAMMA_RESPONSE	D7	0.1840293705463409	positive	negative	False	6893	9770
myeloid	Euploid_GATA1s_vs_Euploid_wtGATA1	HALLMARK_INTERFERON_GAMMA_RESPONSE	D9	-0.5114879608154297	negative	negative	True	11663	7303
myeloid	Euploid_GATA1s_vs_Euploid_wtGATA1	HALLMARK_INTERFERON_GAMMA_RESPONSE	D11	0.166163682937622	positive	negative	False	8369	5952
erythroid	T21_wtGATA1_vs_Euploid_wtGATA1	MEGAKARYOCYTE_MATURATION	D7	0.1822293400764465	positive	negative	False	8321	9269
erythroid	T21_wtGATA1_vs_Euploid_wtGATA1	MEGAKARYOCYTE_MATURATION	D9	-0.3129797875881195	negative	negative	True	9051	6670
erythroid	T21_wtGATA1_vs_Euploid_wtGATA1	MEGAKARYOCYTE_MATURATION	D11	-0.1863777935504913	negative	negative	True	8380	10868
myeloid	Euploid_GATA1s_vs_Euploid_wtGATA1	CELL_CYCLE_E2F_G2M	D7	0.1344930529594421	positive	negative	False	6893	9770
myeloid	Euploid_GATA1s_vs_Euploid_wtGATA1	CELL_CYCLE_E2F_G2M	D9	-0.3263416886329651	negative	negative	True	11663	7303
myeloid	Euploid_GATA1s_vs_Euploid_wtGATA1	CELL_CYCLE_E2F_G2M	D11	-0.1900259256362915	negative	negative	True	8369	5952
erythroid	T21_wtGATA1_vs_Euploid_wtGATA1	HALLMARK_INFLAMMATORY_RESPONSE	D7	0.1096390485763549	positive	negative	False	8321	9269
erythroid	T21_wtGATA1_vs_Euploid_wtGATA1	HALLMARK_INFLAMMATORY_RESPONSE	D9	-0.1568618416786193	negative	negative	True	9051	6670
erythroid	T21_wtGATA1_vs_Euploid_wtGATA1	HALLMARK_INFLAMMATORY_RESPONSE	D11	0.0425977259874343	positive	negative	False	8380	10868
myeloid	Euploid_GATA1s_vs_Euploid_wtGATA1	HALLMARK_INFLAMMATORY_RESPONSE	D7	0.1224578917026519	positive	negative	False	6893	9770
myeloid	Euploid_GATA1s_vs_Euploid_wtGATA1	HALLMARK_INFLAMMATORY_RESPONSE	D9	-0.3247490227222442	negative	negative	True	11663	7303
myeloid	Euploid_GATA1s_vs_Euploid_wtGATA1	HALLMARK_INFLAMMATORY_RESPONSE	D11	0.1216051578521728	positive	negative	False	8369	5952
erythroid	Euploid_GATA1s_vs_Euploid_wtGATA1	HALLMARK_INTERFERON_GAMMA_RESPONSE	D7	0.1755121946334839	positive	negative	False	5791	9269
erythroid	Euploid_GATA1s_vs_Euploid_wtGATA1	HALLMARK_INTERFERON_GAMMA_RESPONSE	D9	-0.3955062329769134	negative	negative	True	6469	6670
erythroid	Euploid_GATA1s_vs_Euploid_wtGATA1	HALLMARK_INTERFERON_GAMMA_RESPONSE	D11	0.2566486001014709	positive	negative	False	4154	10868
myeloid	Euploid_GATA1s_vs_Euploid_wtGATA1	RIBOSOME_TRANSLATION	D7	0.952062726020813	positive	negative	False	6893	9770
myeloid	Euploid_GATA1s_vs_Euploid_wtGATA1	RIBOSOME_TRANSLATION	D9	-0.7795156240463257	negative	negative	True	11663	7303
myeloid	Euploid_GATA1s_vs_Euploid_wtGATA1	RIBOSOME_TRANSLATION	D11	-0.0083467960357666	negative	negative	True	8369	5952
erythroid	T21_wtGATA1_vs_Euploid_wtGATA1	HEME_GLOBIN	D7	0.368295669555664	positive	positive	True	8321	9269
erythroid	T21_wtGATA1_vs_Euploid_wtGATA1	HEME_GLOBIN	D9	0.0654733180999755	positive	positive	True	9051	6670
erythroid	T21_wtGATA1_vs_Euploid_wtGATA1	HEME_GLOBIN	D11	-0.143464982509613	negative	positive	False	8380	10868
erythroid	T21_wtGATA1_vs_Euploid_wtGATA1	IRON_TRANSPORT	D7	0.3048904538154602	positive	positive	True	8321	9269
erythroid	T21_wtGATA1_vs_Euploid_wtGATA1	IRON_TRANSPORT	D9	-0.014021560549736	negative	positive	False	9051	6670
erythroid	T21_wtGATA1_vs_Euploid_wtGATA1	IRON_TRANSPORT	D11	-0.068011075258255	negative	positive	False	8380	10868
erythroid	T21_GATA1s_vs_T21_wtGATA1	INFLAMMATORY_INTERFERON	D7	-0.0781609043478965	negative	negative	True	10768	8321
erythroid	T21_GATA1s_vs_T21_wtGATA1	INFLAMMATORY_INTERFERON	D9	-0.0408613383769989	negative	negative	True	10620	9051
erythroid	T21_GATA1s_vs_T21_wtGATA1	INFLAMMATORY_INTERFERON	D11	0.1138668209314346	positive	negative	False	7316	8380
erythroid	T21_wtGATA1_vs_Euploid_wtGATA1	HALLMARK_INTERFERON_GAMMA_RESPONSE	D7	0.1435511857271194	positive	negative	False	8321	9269
erythroid	T21_wtGATA1_vs_Euploid_wtGATA1	HALLMARK_INTERFERON_GAMMA_RESPONSE	D9	-0.3488551080226898	negative	negative	True	9051	6670
erythroid	T21_wtGATA1_vs_Euploid_wtGATA1	HALLMARK_INTERFERON_GAMMA_RESPONSE	D11	0.0590211004018783	positive	negative	False	8380	10868
myeloid	T21_wtGATA1_vs_Euploid_wtGATA1	HALLMARK_INFLAMMATORY_RESPONSE	D7	0.1259441673755645	positive	negative	False	7506	9770
myeloid	T21_wtGATA1_vs_Euploid_wtGATA1	HALLMARK_INFLAMMATORY_RESPONSE	D9	-0.2584400177001953	negative	negative	True	7243	7303
myeloid	T21_wtGATA1_vs_Euploid_wtGATA1	HALLMARK_INFLAMMATORY_RESPONSE	D11	0.0400067120790481	positive	negative	False	7554	5952
erythroid	Euploid_GATA1s_vs_Euploid_wtGATA1	INFLAMMATORY_INTERFERON	D7	0.236286774277687	positive	negative	False	5791	9269
erythroid	Euploid_GATA1s_vs_Euploid_wtGATA1	INFLAMMATORY_INTERFERON	D9	-0.922347128391266	negative	negative	True	6469	6670
erythroid	Euploid_GATA1s_vs_Euploid_wtGATA1	INFLAMMATORY_INTERFERON	D11	0.4095112681388855	positive	negative	False	4154	10868
mk	T21_wtGATA1_vs_Euploid_wtGATA1	HALLMARK_INFLAMMATORY_RESPONSE	D7	0.1206372827291488	positive	negative	False	7477	8596
mk	T21_wtGATA1_vs_Euploid_wtGATA1	HALLMARK_INFLAMMATORY_RESPONSE	D9	-0.1292840540409088	negative	negative	True	9336	8522
mk	T21_wtGATA1_vs_Euploid_wtGATA1	HALLMARK_INFLAMMATORY_RESPONSE	D11	0.0409301221370697	positive	negative	False	7332	9598
mk	Euploid_GATA1s_vs_Euploid_wtGATA1	HALLMARK_INTERFERON_GAMMA_RESPONSE	D7	0.182325854897499	positive	positive	True	6774	8596
mk	Euploid_GATA1s_vs_Euploid_wtGATA1	HALLMARK_INTERFERON_GAMMA_RESPONSE	D9	-0.3746634423732757	negative	positive	False	8702	8522
mk	Euploid_GATA1s_vs_Euploid_wtGATA1	HALLMARK_INTERFERON_GAMMA_RESPONSE	D11	0.2030171006917953	positive	positive	True	5357	9598
myeloid	T21_GATA1s_vs_T21_wtGATA1	INFLAMMATORY_INTERFERON	D7	-0.0829214230179786	negative	negative	True	6356	7506
myeloid	T21_GATA1s_vs_T21_wtGATA1	INFLAMMATORY_INTERFERON	D9	-0.0503174364566803	negative	negative	True	9485	7243
myeloid	T21_GATA1s_vs_T21_wtGATA1	INFLAMMATORY_INTERFERON	D11	0.0646598786115646	positive	negative	False	9301	7554
erythroid	T21_wtGATA1_vs_Euploid_wtGATA1	ERYTHROID_MATURATION	D7	0.3638439178466797	positive	positive	True	8321	9269
erythroid	T21_wtGATA1_vs_Euploid_wtGATA1	ERYTHROID_MATURATION	D9	0.0931571722030639	positive	positive	True	9051	6670
erythroid	T21_wtGATA1_vs_Euploid_wtGATA1	ERYTHROID_MATURATION	D11	-0.2076300978660583	negative	positive	False	8380	10868
mk	Euploid_GATA1s_vs_Euploid_wtGATA1	CELL_CYCLE_E2F_G2M	D7	0.1275852769613266	positive	negative	False	6774	8596
mk	Euploid_GATA1s_vs_Euploid_wtGATA1	CELL_CYCLE_E2F_G2M	D9	-0.2796968221664428	negative	negative	True	8702	8522
mk	Euploid_GATA1s_vs_Euploid_wtGATA1	CELL_CYCLE_E2F_G2M	D11	0.1350907385349273	positive	negative	False	5357	9598
mk	Euploid_GATA1s_vs_Euploid_wtGATA1	HALLMARK_INFLAMMATORY_RESPONSE	D7	0.118608221411705	positive	positive	True	6774	8596
mk	Euploid_GATA1s_vs_Euploid_wtGATA1	HALLMARK_INFLAMMATORY_RESPONSE	D9	-0.180743396282196	negative	positive	False	8702	8522
mk	Euploid_GATA1s_vs_Euploid_wtGATA1	HALLMARK_INFLAMMATORY_RESPONSE	D11	0.1182649731636047	positive	positive	True	5357	9598
mk	Euploid_GATA1s_vs_Euploid_wtGATA1	HALLMARK_E2F_TARGETS	D7	0.2049982845783233	positive	negative	False	6774	8596
mk	Euploid_GATA1s_vs_Euploid_wtGATA1	HALLMARK_E2F_TARGETS	D9	-0.2485570460557937	negative	negative	True	8702	8522
mk	Euploid_GATA1s_vs_Euploid_wtGATA1	HALLMARK_E2F_TARGETS	D11	0.1499891281127929	positive	negative	False	5357	9598
erythroid	Euploid_GATA1s_vs_Euploid_wtGATA1	HALLMARK_E2F_TARGETS	D7	0.2018691599369049	positive	negative	False	5791	9269
erythroid	Euploid_GATA1s_vs_Euploid_wtGATA1	HALLMARK_E2F_TARGETS	D9	-0.312730997800827	negative	negative	True	6469	6670
erythroid	Euploid_GATA1s_vs_Euploid_wtGATA1	HALLMARK_E2F_TARGETS	D11	0.1554836183786392	positive	negative	False	4154	10868
erythroid	Euploid_GATA1s_vs_Euploid_wtGATA1	CELL_CYCLE_E2F_G2M	D7	0.1413565278053283	positive	negative	False	5791	9269
erythroid	Euploid_GATA1s_vs_Euploid_wtGATA1	CELL_CYCLE_E2F_G2M	D9	-0.3621872365474701	negative	negative	True	6469	6670
erythroid	Euploid_GATA1s_vs_Euploid_wtGATA1	CELL_CYCLE_E2F_G2M	D11	0.1886635869741439	positive	negative	False	4154	10868
mk	T21_wtGATA1_vs_Euploid_wtGATA1	CELL_CYCLE_EXIT	D7	0.2711855769157409	positive	negative	False	7477	8596
mk	T21_wtGATA1_vs_Euploid_wtGATA1	CELL_CYCLE_EXIT	D9	-0.2792003452777862	negative	negative	True	9336	8522
mk	T21_wtGATA1_vs_Euploid_wtGATA1	CELL_CYCLE_EXIT	D11	-0.0111538134515285	negative	negative	True	7332	9598
myeloid	Euploid_GATA1s_vs_Euploid_wtGATA1	HALLMARK_E2F_TARGETS	D7	0.2082096934318542	positive	negative	False	6893	9770
myeloid	Euploid_GATA1s_vs_Euploid_wtGATA1	HALLMARK_E2F_TARGETS	D9	-0.2864996194839477	negative	negative	True	11663	7303
myeloid	Euploid_GATA1s_vs_Euploid_wtGATA1	HALLMARK_E2F_TARGETS	D11	-0.0878043174743652	negative	negative	True	8369	5952
erythroid	T21_wtGATA1_vs_Euploid_wtGATA1	CELL_CYCLE_EXIT	D7	0.2624322474002838	positive	positive	True	8321	9269
erythroid	T21_wtGATA1_vs_Euploid_wtGATA1	CELL_CYCLE_EXIT	D9	-0.3316457271575928	negative	positive	False	9051	6670
erythroid	T21_wtGATA1_vs_Euploid_wtGATA1	CELL_CYCLE_EXIT	D11	-0.0294201746582984	negative	positive	False	8380	10868
myeloid	T21_wtGATA1_vs_Euploid_wtGATA1	MEGAKARYOCYTE_MATURATION	D7	0.1991613507270813	positive	negative	False	7506	9770
myeloid	T21_wtGATA1_vs_Euploid_wtGATA1	MEGAKARYOCYTE_MATURATION	D9	-0.0816239416599273	negative	negative	True	7243	7303
myeloid	T21_wtGATA1_vs_Euploid_wtGATA1	MEGAKARYOCYTE_MATURATION	D11	-0.2572205066680908	negative	negative	True	7554	5952
myeloid	T21_wtGATA1_vs_Euploid_wtGATA1	CELL_CYCLE_EXIT	D7	0.2796936631202698	positive	negative	False	7506	9770
myeloid	T21_wtGATA1_vs_Euploid_wtGATA1	CELL_CYCLE_EXIT	D9	-0.2749553024768829	negative	negative	True	7243	7303
myeloid	T21_wtGATA1_vs_Euploid_wtGATA1	CELL_CYCLE_EXIT	D11	-0.0725568979978561	negative	negative	True	7554	5952
mk	T21_GATA1s_vs_T21_wtGATA1	INFLAMMATORY_INTERFERON	D7	-0.0807253271341323	negative	negative	True	6109	7477
mk	T21_GATA1s_vs_T21_wtGATA1	INFLAMMATORY_INTERFERON	D9	-0.0421239584684371	negative	negative	True	9157	9336
mk	T21_GATA1s_vs_T21_wtGATA1	INFLAMMATORY_INTERFERON	D11	0.1127803847193718	positive	negative	False	7725	7332
