perturbation	n_blocks	mean_block_effect	block_effect_sd	block_p_value	block_ci95_low	block_ci95_high	direction_stability	protein_mean_block_effect	rna_protein_direction_match	block_q_value	event_q_value	event_q_source	formal_e1_q_threshold	formal_e1_contract_pass	locked_primary_q_0_05_pass	ci_excludes_zero	posthoc_e2_eligible	formal_e2_contract_pass	event_support_code	event_test_status	event_q	event_q_missing_reason	e0_reason_code	posthoc_gate_rule
STAT1	3	-0.9154289765618167	0.07486896405003222	0.002222202172409712	-1.1014137935958765	-0.7294441595277567	1.0	-0.7851750272467122	True	0.055555054310242796	0.055555054310242796	BH-adjusted one-sample t test over replicate-block effects	0.1	True	False	True	True	False	E1	run_supported	0.055555054310242796			n_blocks>=3 AND block_q<=0.10 AND CI excludes 0 AND direction_stability>=0.80
IFNGR2	3	-0.829077414292224	0.14589159964076404	0.010164546119043544	-1.1914922387829356	-0.4666625898015124	1.0	-0.8694042273622956	True	0.10984183103799884	0.10984183103799884	BH-adjusted one-sample t test over replicate-block effects	0.1	False	False	True	False	False	E0	run_not_supported	0.10984183103799884		E0_not_supported	n_blocks>=3 AND block_q<=0.10 AND CI excludes 0 AND direction_stability>=0.80
JAK2	3	-0.82600041397866	0.16589834576938842	0.013181019724559862	-1.2381147510162864	-0.41388607694103347	1.0	-0.9320028866170711	True	0.10984183103799884	0.10984183103799884	BH-adjusted one-sample t test over replicate-block effects	0.1	False	False	True	False	False	E0	run_not_supported	0.10984183103799884		E0_not_supported	n_blocks>=3 AND block_q<=0.10 AND CI excludes 0 AND direction_stability>=0.80
IFNGR1	3	-0.8015788206917348	0.21153404226540196	0.022435562132913617	-1.3270585123956962	-0.27609912898777356	1.0	-0.8566281576961453	True	0.13370910481676307	0.13370910481676307	BH-adjusted one-sample t test over replicate-block effects	0.1	False	False	True	False	False	E0	run_not_supported	0.13370910481676307		E0_not_supported	n_blocks>=3 AND block_q<=0.10 AND CI excludes 0 AND direction_stability>=0.80
IRF1	3	-0.14769308512054277	0.04269383566586168	0.026741820963352612	-0.25375045235606675	-0.041635717885018825	1.0	-0.35749422684992166	True	0.13370910481676307	0.13370910481676307	BH-adjusted one-sample t test over replicate-block effects	0.1	False	False	True	False	False	E0	run_not_supported	0.13370910481676307		E0_not_supported	n_blocks>=3 AND block_q<=0.10 AND CI excludes 0 AND direction_stability>=0.80
STAT2	3	-0.07702998797676075	0.02952633865557236	0.045648089015659706	-0.15037747932007064	-0.0036824966334508547	1.0	-0.041757674501534225	True	0.1902003708985821	0.1902003708985821	BH-adjusted one-sample t test over replicate-block effects	0.1	False	False	True	False	False	E0	run_not_supported	0.1902003708985821		E0_not_supported	n_blocks>=3 AND block_q<=0.10 AND CI excludes 0 AND direction_stability>=0.80
CMTM6	3	-0.01990326351416218	0.018018929652980888	0.19584870735866552	-0.06466476618995359	0.02485823916162923	1.0	-0.4572083110195339	True	0.44511069854242163	0.44511069854242163	BH-adjusted one-sample t test over replicate-block effects	0.1	False	False	False	False	False	E0	run_not_supported	0.44511069854242163		E0_not_supported	n_blocks>=3 AND block_q<=0.10 AND CI excludes 0 AND direction_stability>=0.80
MARCH8	3	-0.021382540301544475	0.016292847803998558	0.1509142355080843	-0.061856217962764276	0.019091137359675325	1.0	-0.0461862867312209	True	0.44511069854242163	0.44511069854242163	BH-adjusted one-sample t test over replicate-block effects	0.1	False	False	False	False	False	E0	run_not_supported	0.44511069854242163		E0_not_supported	n_blocks>=3 AND block_q<=0.10 AND CI excludes 0 AND direction_stability>=0.80
SMAD4	3	-0.04633584176723632	0.04058019525853199	0.18657020750744902	-0.14714263515789833	0.05447095162342569	0.6666666666666666	-0.12597121280641232	True	0.44511069854242163	0.44511069854242163	BH-adjusted one-sample t test over replicate-block effects	0.1	False	False	False	False	False	E0	run_not_supported	0.44511069854242163		E0_not_supported	n_blocks>=3 AND block_q<=0.10 AND CI excludes 0 AND direction_stability>=0.80
TNFRSF14	3	-0.05297957172060774	0.03822831317475965	0.13841304618570438	-0.14794396613345334	0.04198482269223787	1.0	-0.05068066270552792	True	0.44511069854242163	0.44511069854242163	BH-adjusted one-sample t test over replicate-block effects	0.1	False	False	False	False	False	E0	run_not_supported	0.44511069854242163		E0_not_supported	n_blocks>=3 AND block_q<=0.10 AND CI excludes 0 AND direction_stability>=0.80
UBE2L6	3	0.03640478870256605	0.03188649509336344	0.18660265130420012	-0.042805656253418346	0.11561523365855045	1.0	0.039651928228546574	True	0.44511069854242163	0.44511069854242163	BH-adjusted one-sample t test over replicate-block effects	0.1	False	False	False	False	False	E0	run_not_supported	0.44511069854242163		E0_not_supported	n_blocks>=3 AND block_q<=0.10 AND CI excludes 0 AND direction_stability>=0.80
BRD4	3	0.04228607459840053	0.05578584773484199	0.3196299702205764	-0.09629365353996486	0.18086580273676592	0.6666666666666666	0.2824496839343776	True	0.6146730196549546	0.6146730196549546	BH-adjusted one-sample t test over replicate-block effects	0.1	False	False	False	False	False	E0	run_not_supported	0.6146730196549546		E0_not_supported	n_blocks>=3 AND block_q<=0.10 AND CI excludes 0 AND direction_stability>=0.80
CUL3	3	0.06256133796013003	0.0811880014946896	0.31364107846763933	-0.13912083829197128	0.26424351421223136	0.6666666666666666	0.25745146796260815	True	0.6146730196549546	0.6146730196549546	BH-adjusted one-sample t test over replicate-block effects	0.1	False	False	False	False	False	E0	run_not_supported	0.6146730196549546		E0_not_supported	n_blocks>=3 AND block_q<=0.10 AND CI excludes 0 AND direction_stability>=0.80
CAV1	3	-0.010942511277176206	0.015442523115855847	0.34455949882798664	-0.049303865313374544	0.02741884275902213	0.6666666666666666	-0.008446500163565554	True	0.6152848193356905	0.6152848193356905	BH-adjusted one-sample t test over replicate-block effects	0.1	False	False	False	False	False	E0	run_not_supported	0.6152848193356905		E0_not_supported	n_blocks>=3 AND block_q<=0.10 AND CI excludes 0 AND direction_stability>=0.80
PDCD1LG2	3	-0.01935452221861488	0.03017229311607663	0.3822179267342143	-0.09430665339731688	0.05559760896008713	0.6666666666666666	-0.04214699159351554	True	0.6370298778903571	0.6370298778903571	BH-adjusted one-sample t test over replicate-block effects	0.1	False	False	False	False	False	E0	run_not_supported	0.6370298778903571		E0_not_supported	n_blocks>=3 AND block_q<=0.10 AND CI excludes 0 AND direction_stability>=0.80
POU2F2	3	0.007202691691708628	0.01510553874234563	0.4957069661186869	-0.030321546753992786	0.04472693013741004	0.6666666666666666	0.04311189595930465	True	0.7745421345604483	0.7745421345604483	BH-adjusted one-sample t test over replicate-block effects	0.1	False	False	False	False	False	E0	run_not_supported	0.7745421345604483		E0_not_supported	n_blocks>=3 AND block_q<=0.10 AND CI excludes 0 AND direction_stability>=0.80
CD86	3	0.014553216297439026	0.03437097915120385	0.5396423731770876	-0.07082902920079272	0.09993546179567077	0.6666666666666666	0.02675997694622989	True	0.7765895166742357	0.7765895166742357	BH-adjusted one-sample t test over replicate-block effects	0.1	False	False	False	False	False	E0	run_not_supported	0.7765895166742357		E0_not_supported	n_blocks>=3 AND block_q<=0.10 AND CI excludes 0 AND direction_stability>=0.80
ETV7	3	-0.013641529223655025	0.04322257163670864	0.6394549592808674	-0.12101234942390256	0.09372929097659251	0.6666666666666666	-0.015105296480159089	True	0.7765895166742357	0.7765895166742357	BH-adjusted one-sample t test over replicate-block effects	0.1	False	False	False	False	False	E0	run_not_supported	0.7765895166742357		E0_not_supported	n_blocks>=3 AND block_q<=0.10 AND CI excludes 0 AND direction_stability>=0.80
IRF7	3	-0.01055023765528947	0.03871323877645823	0.6833987746733274	-0.1067192540426928	0.08561877873211386	0.6666666666666666	0.050414121174359394	False	0.7765895166742357	0.7765895166742357	BH-adjusted one-sample t test over replicate-block effects	0.1	False	False	False	False	False	E0	run_not_supported	0.7765895166742357		E0_not_supported	n_blocks>=3 AND block_q<=0.10 AND CI excludes 0 AND direction_stability>=0.80
NFKBIA	3	-0.011084459353218992	0.02856675715964607	0.5707774461894402	-0.08204821811503013	0.05987929940859215	0.6666666666666666	0.04500622438275966	False	0.7765895166742357	0.7765895166742357	BH-adjusted one-sample t test over replicate-block effects	0.1	False	False	False	False	False	E0	run_not_supported	0.7765895166742357		E0_not_supported	n_blocks>=3 AND block_q<=0.10 AND CI excludes 0 AND direction_stability>=0.80
STAT3	3	-0.0033090037307651568	0.011066153031961304	0.656112194284266	-0.030798851801119825	0.02418084433958951	0.3333333333333333	0.01609252405898509	False	0.7765895166742357	0.7765895166742357	BH-adjusted one-sample t test over replicate-block effects	0.1	False	False	False	False	False	E0	run_not_supported	0.7765895166742357		E0_not_supported	n_blocks>=3 AND block_q<=0.10 AND CI excludes 0 AND direction_stability>=0.80
STAT5A	3	-0.019168461971934336	0.05831577026825099	0.6265509538601864	-0.16403286608327006	0.12569594213940138	0.6666666666666666	0.027288402151151914	False	0.7765895166742357	0.7765895166742357	BH-adjusted one-sample t test over replicate-block effects	0.1	False	False	False	False	False	E0	run_not_supported	0.7765895166742357		E0_not_supported	n_blocks>=3 AND block_q<=0.10 AND CI excludes 0 AND direction_stability>=0.80
SPI1	3	0.022507704998791307	0.09517300162822981	0.7217918457883777	-0.21391513748344007	0.2589305474810227	0.6666666666666666	-0.1240110564524155	False	0.7845563541178019	0.7845563541178019	BH-adjusted one-sample t test over replicate-block effects	0.1	False	False	False	False	False	E0	run_not_supported	0.7845563541178019		E0_not_supported	n_blocks>=3 AND block_q<=0.10 AND CI excludes 0 AND direction_stability>=0.80
MYC	3	-0.04504546375440963	0.3124605494689961	0.8261257120453617	-0.8212404981149536	0.7311495706061343	0.6666666666666666	0.12051243281695563	False	0.8605476167139184	0.8605476167139184	BH-adjusted one-sample t test over replicate-block effects	0.1	False	False	False	False	False	E0	run_not_supported	0.8605476167139184		E0_not_supported	n_blocks>=3 AND block_q<=0.10 AND CI excludes 0 AND direction_stability>=0.80
ATF2	3	-0.0008530507112930833	0.029560517011925067	0.9646786436921146	-0.07428544579854333	0.07257934437595716	0.6666666666666666	0.009229364660924352	False	0.9646786436921146	0.9646786436921146	BH-adjusted one-sample t test over replicate-block effects	0.1	False	False	False	False	False	E0	run_not_supported	0.9646786436921146		E0_not_supported	n_blocks>=3 AND block_q<=0.10 AND CI excludes 0 AND direction_stability>=0.80
